"HolderAddress","Balance","PendingBalanceUpdate"
"0x000000000000084e91743124a982076c59f10084","1E-18","No"
"0x0000000071e801062eb0544403f66176bba42dc0","1E-18","No"
"0x00000000dc0e59517a8114348d9130e7d3835832","1E-18","No"
"0x000000ed5113006b6f24002dd7577bb547e2005a","1E-18","No"
"0x0016958b8998d09c0cc8f0c19f5c29bfc286ea96","152202399.192","No"
"0x005a2ac49114d44d6f5cda1d862c4bec5f21c3fd","8557.94872610635","No"
"0x006fa3fdb16d99851c4760e62c44fe9d22713374","2.182585921E-09","No"
"0x00b0a44fe829b123de184bd3ddd508b6459b8eed","31310.0910314181","No"
"0x0127f7553e3d91bba38626490773a49c4b4c9e7c","1796.89410112826","No"
"0x0139c13f6f44e8e3fc768229a6ae3c5ee690c49a","20379.554273014","No"
"0x016b0d52a79eac8b85d494ecdf63549f4d66a2ed","1768385.84608","No"
"0x0178217e241aa00787461cf044c69e8292c3863e","500","No"
"0x017c41a469ca172537afa701ad413967da97674b","150535.125","No"
"0x01eef93c7d306ee145c0d7b53d0b515094e12957","1617.3557051822","No"
"0x01fa8101e3e6e8eaf48384eddac250d4711b8400","5.591207202E-09","No"
"0x01fa8c65a0a920f6ab249c1b30fc12f363c302cf","8316.8701832523","No"
"0x0224fc9e8171edec42c88645dacc82f50f9a72d7","4660","No"
"0x025b96fac92837546a1cb77560c8627815a85d14","276165.958562675","No"
"0x0261d48a8289f0cd2a576200344d904284c1425f","12967.573080054","No"
"0x026f549694ccbdac252436b611b75c463ea497ec","239329.228867","No"
"0x028216b0b5ab1a1548053eb9e170eb69b050d78e","15142.2158064752","No"
"0x02a82e159076d01cb657d0b2a66b699e5a7d5ba9","5000.00102393437","No"
"0x02defc874c7f3cb1050efd79b882e76748f9e91a","3154.96599216404","No"
"0x032e7be65c1bc36780f1e3d506ef7a01a07793cc","14320.5839109131","No"
"0x0337349cb9fa35380428b3783e61698728c8398b","15783.7447302354","No"
"0x038a3cbf2e80392bb9b7ad7d3b6de903d86f60e0","386761.304656","No"
"0x03989662033eb16ea5395bcc570378d0cf82b9ee","16909.332","No"
"0x04081e17b7832065582dbffa63a6af59fd37b307","13654","No"
"0x0451cc1f1c830f44a1e39e5a66ee871902ff7dad","324.312413800621","No"
"0x045d7681ef47ca56db5157812f30f2b43e6ee78e","8.545941917E-09","No"
"0x045eef3a61792bfcf1deab989ed00bf2b2ae8ed0","5286","No"
"0x04611773bcd8a6748b63e963a2dfd8c3180bc9f2","105434.936","No"
"0x046db79e03ea83080256e588fdf91e37aacde79c","3060.92113277605","No"
"0x049b8e0e5315294ef95698e5ef657602ada4695c","2416.669","No"
"0x04b4d7230c2f1ca0d848cfe3cf2358d08bc20833","6938.892","No"
"0x04eb0cff5d2e59727613b2d681527a193501d7dc","52148.7877030428","No"
"0x0539a86683740eff6c15982d177e2d6e3c341ab6","228799.416436","No"
"0x05681ff6b2a48c749e9036f7a291c6a2241e5a27","249087.15","No"
"0x0612be9bca9593121246c73dc6198ff2aca58342","5313.77658275738","No"
"0x064802459a7e8d5d15ed2f7d50cba79e056e777c","199863.342","No"
"0x0675cc75b0e54f4c86a012cc204bdc05ce27caa6","94059.477093075","No"
"0x06bc929905dc61452c37dda34f68397ddf01bbd3","11495.2799313809","No"
"0x06bf7280c18855fc8d9817bc3e2c65afcba3e004","8450.88820635356","No"
"0x06d135bdf56b40ba3d0859997b8132f7943bb3bc","18376","No"
"0x070c8eba534900e54d74b215d1dc54d8b05514be","12057","No"
"0x074267a37ec6de7dd6fe57fa43021f96e0aae9e2","879.255","No"
"0x07763129fa385d896bd3112298f000080c04a980","51203.864587077","No"
"0x07ea333f47fb24ab5984a7ef958a2fc1b0ce79e7","1356814.2919","No"
"0x07eb0d0364d65f9f32dd0106c1e374d05af602b8","3824567","No"
"0x084f1b825b95de6136fdbaa2b4baed3c96bca196","70200","No"
"0x0878bb80c744bf852275e7f4a6b9f3143aa6782b","139487.75371977","No"
"0x0883f7620716b2167c724bc1cf9cfda801fc268d","30634.4237993712","No"
"0x09094ccae9e2abfaf1ef43a19f8d14ab421162d9","46591.7264872339","No"
"0x09611739dfc18de0302e1911dddec5e161fbf850","1562948.98297","No"
"0x09630d641516c8a7e8910f87f5a4cf13d7148f63","7.615851218E-09","No"
"0x0976a83c24b3772a9ccfe433eec94d959f76bd7d","3201571","No"
"0x0993f599cd6eb1ed07328a6d6949cdd030c087f2","9990","No"
"0x09c378d50224623e747bf84618e31bc0ab713fa6","9513.936","No"
"0x0a806011a5dc36cdc482bff4b20699a348e7f47d","242765.272308417","No"
"0x0a933abb3a022263890992b29e302d9453b4bae5","207446.885162","No"
"0x0afb76280b0ad79f91dc4875fe05e1711e9fdca3","26506.1049683563","No"
"0x0b8605fc7f37f74ef2aff1fbd98ddb14db1572b6","2639.87649700599","No"
"0x0bc141b9a8c13a694f2dd8296e8bf5ba5683e936","10578.5810850175","No"
"0x0bf2d474fbb979b9bccc163667396025a0eb12a3","8.585892071E-09","No"
"0x0bfda7aed9d996f7df0d023d7627c7cb3ac4af01","8000.00044583949","No"
"0x0cd6f5faf24c1f65659c9a28503fa6cb89f132d3","469021.824","No"
"0x0d4609b1e114f3cf8978aafa683081ef51f509aa","782287.087856743","No"
"0x0d5577e427ba116666c4c2a0298e000aa347acce","2716.3776303842","No"
"0x0da2f81d73210e856d75ebf4a3c25c245ddfc15d","16946","No"
"0x0e149d52e062f5ceacd6fb8e6f49697fa21a16bf","53520.4617801901","No"
"0x0e3600a5a4ff26449bb410d50088a41430c08469","9.51836443E-09","No"
"0x0e6ec53eb9742b98a865571bd25e3c6daa4c8dac","10854.4555053719","No"
"0x0e78bf046b495565d0f5c689f21df718a6a45daa","7.157158719E-09","No"
"0x0e9b900efc2a46a6540dea2beb0e75c2ef4348b2","10813.2200925849","No"
"0x0ee8716f610e140137a27ecf980b5ec7af4f964b","13687.5392511009","No"
"0x0f40b2ee0d1975b18bb1573ef78a3ba45e16b90d","7237.46861251098","No"
"0x0f7739f2f93753ab14e0faf5c9a3ee4519674aee","4000","No"
"0x10a09b3ab82351b17ac982e37dcec0f7062ee0ec","284600.455010626","No"
"0x111061a4323e866c1933d55b5712c3b960a27e54","27581.4118331193","No"
"0x1166d17cbe8eb0ff38bfe4130e3621da570d6c34","2000000","No"
"0x11775f3ea96c3adfd4587aacbf2df06791c8eafe","48425","No"
"0x11aad8e329a6c130e7f40ae075e3c67fad947e07","55163.8249845021","No"
"0x11b97520fceaed22e0c90e65532c293230452d77","5080.2991021353","No"
"0x11d39c930de7bb8e5a3d2fe10529c034f25dac56","1000","No"
"0x11ededebf63bef0ea2d2d071bdf88f71543ec6fb","3784.39512570867","No"
"0x1289dbdf47423891cdb42b99e17d300ca21d6f92","0.795","No"
"0x12a60dce40cc7cd19ace49569e3ed061bf80d8d5","1018872.78645816","No"
"0x12cb2c87cc31c907e2e296c3d420490e71e2a78c","1591.89985139115","No"
"0x12d5e4db595cddcff71de460ca3d65704dd705a4","74892.0987807459","No"
"0x12f041bbc7d2f809b243ab8bd507db2d785a4aca","64508.6560894878","No"
"0x12f560044c6b548a24ed6286e7b7317295eaa71d","28096.875","No"
"0x1317ee0aaec3125599c68c359142d28da228b263","1253.33498700786","No"
"0x133ba3906b2b521be15f0dc52a198cb3f550aaef","1200","No"
"0x133d93566f9699b3af46fe150daa8a67a9563ed6","1036579.58056","No"
"0x13c7253e000044acc0c4d51c4fd4a798d91dd399","20438.73","No"
"0x13e856de31dccf0280802cd291b2c7c882d73d0c","52412.9836247109","No"
"0x141fef8cd8397a390afe94846c8bd6f4ab981c48","350000","No"
"0x148065e69f28fbea43f8e2794626ea5dfe317a7f","15242692.4682257","No"
"0x15151ac99bba4ee669199efbdcd0d3af6d70fcb6","24917.6277275155","No"
"0x1538ac87b1ba863f9637c19c0c9d9a1ba98bc27d","135000","No"
"0x15489e985488f980b21d83f93ff9cbe962b20f20","1E-18","No"
"0x1592a7c58be6c2ef3d74f1d1494889702004007b","13681.94612247","No"
"0x15a02ee4a184006680086cac214b0a745ad9bf35","552305","No"
"0x15c69ea4386c787b7143f31c5cb6d53319fd85b6","1.890175772E-09","No"
"0x165de74f5c5331bfea956571a41776aca0891839","12204.2590402644","No"
"0x166fd8a664816fff74ef9f7b90ce2d06a61cc25c","26325","No"
"0x16a13490ac70358dc92b946c8aa322e7a1f61df3","15630.3724629764","No"
"0x16f23e1f46f831f9886b510575c8eb778fb31884","2086.64819352113","No"
"0x1706440ad7757b587f7213416bb81cdf564deedf","19355.4211831291","No"
"0x176dddb9758e49d900eac37c2d7f62053ec9c234","4431.00383660238","No"
"0x17a0d1fd46d85005158949b38d67f56d68c7ceb4","5386.01","No"
"0x17b48e423bdb75737839577c4e912aefe5a4e43d","9737.83163175576","No"
"0x17b9544521cfb1d454c6ff7607bcf773dcc830fb","81255.6","No"
"0x17bbf57dbd5ca1f1c01ba6a8fa6a511c38eca87a","1000","No"
"0x17c58659e901dc62c800127c72957e1ab0b1cfbb","974.932024652597","No"
"0x17e5fab0c5445a88b517eb838bbf017f16028ce7","11132.880370677","No"
"0x18053bd1a794367d98e8cc4d56479ad5f10278b4","2485","No"
"0x1879f566d46fc8e59f26500e178fd31bf3493e06","13.2975","No"
"0x188bc740e008838d46f198481c11d349bafa71ad","2147.065","No"
"0x18f058d3dd79167602f35623d89229d4e10c3e6a","7.994144304E-09","No"
"0x1938b42fede0702734c365a1bfce206dea264d40","3.920716422E-09","No"
"0x19437efe9cfc9656103a7870f9b4918de23d11bd","3795084.10734588","No"
"0x19fbd81dd9d0ab41a4615647d61c9b21c2b850da","3994.36075803","No"
"0x1a2869ad1e52acf28afb6dbd4b402a514fba2b65","647482.620309839","No"
"0x1a39496bf3c0cb0ac1556011bd3fe02ed9edd583","157176.642","No"
"0x1a8c43e138ed7334f659ee037064ac0639f22d68","11361","No"
"0x1aba0a5d7c2d115ca5d21f512adf4d573b27b34e","28007.6181510627","No"
"0x1afabbc5edfef55a52eb15a352bc272507c82882","8911634.96625718","No"
"0x1b12e9914c306ccecc099f303fe8b7efb37ef92b","580338.918534737","No"
"0x1b210dfd0014373ab8c8738ebcd9aa58b0c2b288","2688.66","No"
"0x1b2e3a9d7bb908703365c9668f53be8577363875","49098.9445249733","No"
"0x1b69535e009ae821e4861f5b617769c3c412cd7c","9201.26165136843","No"
"0x1b9e7959ecb018a8ce609e43860f4f672b0afce9","21833.936","No"
"0x1bbfeb4a3c7b5be76e8b11e74dd06335df94f55a","10451.8794848476","No"
"0x1bcd84f2c41c96ea21c46203f870730ed6d97330","57201.81","No"
"0x1c0c89b25e0ccee2e3e11d0ad773364b81911c47","25971.6058051672","No"
"0x1c28c64118329320b7a90500d31550ddbadc544f","7000","No"
"0x1c4dd8738900f223b3f1ce4a0d277d69967cacb8","3000","No"
"0x1c5580e4200fd6d1a79411e4d3a16ca157f52207","70814.25","No"
"0x1ca8305b15ad36bdeb4cce6e6831a1b2d6007672","716229.246480459","No"
"0x1ce4379f267fc808c171038014aa199ed59d1dea","4101.96453411834","No"
"0x1ceb0ab2104f2b2d5c2fe6f4f4413995ffe99fb7","78838.11","No"
"0x1d6899d289dbdfeb83e19661263fe033e37e6e59","20615.4453371536","No"
"0x1d921960be958e2929b3d5bc1f8685b36a45edfa","20000","No"
"0x1dd7cf353a09d4d07e26575decdcf84aa3dcb282","20028.3074088175","No"
"0x1dfc029355488cf58230ade026f5a1214c86fb51","99985.936","No"
"0x1e04d27d694bd60a6c454be4eedd5ed928fe0c15","66322.9276836532","No"
"0x1e0b16d340ed938a71467998e997e995110ed596","273115.980588","No"
"0x1e74d5086600f9aa0db8e9abbfb9ca836d24f387","4546.91278836322","No"
"0x1e97b8324451f3b474311750cd4c2d9af9970986","45233.37","No"
"0x1ec568e0518007575cc8011a1d3153a013f3c49b","6148","No"
"0x1ee644d59440cb69718127e6c0db2c93754716b1","2.961248649E-09","No"
"0x1efff6682f30e9fa7c5fd7ec6138d006eafd137b","10962","No"
"0x1f7cb23d543602b953dffe0e3e603b0a25b5a07b","92551.7163518349","No"
"0x1f8d4eb18554596470e0e7c544623dc72af625ee","9319","No"
"0x2042d81b2ba42a81811d10e8e9beecd23c5377b6","7.668567254E-09","No"
"0x20779b4c60d1a24248534d9c46dc9513ab874561","9806.37087060865","No"
"0x2115400a17030cb7595cd6f7e402d0e0bc914832","258154.255913682","No"
"0x21e0caf85a620e2ce427c33014113c0d9f6091cb","12139.1786061591","No"
"0x21fe2885ff61f2f31ff72e4a320ed26047f23dc1","41.37","No"
"0x220b278dd16cf14f13e054a2fe0dc767efc6aee3","41514","No"
"0x221c9a149f2a850971c5e884af31f5facdf83996","144509.465","No"
"0x221c9f5c14904397bf7f197e7b0ad16d53fd704a","0.43875","No"
"0x2226c422dbe7ce782c6a6274eab612ddbc6a37e9","4441.59390320067","No"
"0x222f7ac63f6b1c9ebe7f3668098858fe3396266d","168632.21775848","No"
"0x22e8ce18d2d1155bf65730476d2a8b87ffa69394","898.601586776656","No"
"0x22fc3ef90bc833da6b3a4c71fe57fb3504e4161a","21569.936","No"
"0x2338b829f19d59788671ef3961079c29fdf8cd3f","10000","No"
"0x233da32ca8cd6ce0928c9893382216e6f81f8f16","56332.7208","No"
"0x23567a727320fe9af6cfc54c7664b7c39e639b9e","5033.274","No"
"0x2369c5689895aedc3e6795dd750d45b81f260331","4702.936","No"
"0x237b7c6b93b6d6e3d9fa8b6c2069aabb96b70a3d","16672.5","No"
"0x23bfd8b2d7766cff1ecfc85036f76ce0f4e637da","1464.81","No"
"0x23c3b88f50cc5a77f2057a2ae67c957a8c9bafb6","77325.669","No"
"0x245195ab22231bba191a38c89bc2008dae68bf38","144315.209058455","No"
"0x246cd0b691200cbc074feea876ad9faf9ee558a2","361173.210168373","No"
"0x24801c87a700fd6099a5b81845bfda80be0105a5","15006.8445788239","No"
"0x24e7621abe44adf27433501bedc313368054aa88","1138707.86839","No"
"0x24e9fb39c5f69a9dfc6558a3df26468731cd76c1","2470","No"
"0x24ffb2d21dda81ca893eac89aa6169344bb32dca","7204.4427213277","No"
"0x250c5be0c71f918c7da40aab063429b40e7f6ba7","139418.554361298","No"
"0x252e1765899e278ac482e38693acc655f3590607","2.966079718E-09","No"
"0x25779abc102dee9beee26c0de20e595ea790d44b","5389.33867572364","No"
"0x25e7bbd217b57d57e1e6e601f6194d98c92ba72d","7787.98922543671","No"
"0x2685f8fecb7fff2cba290519356e9f7878f0773d","62985","No"
"0x26b53609d6d52f1d4ffeecd8256515d4acd87a5b","35014.163231764","No"
"0x2736767b07239e935e8678446a31eeeae735f5bf","6.300704853E-09","No"
"0x276ac850d742f00a3c1c2c584732601cd60a820f","206010.75","No"
"0x276f6e63a60a794866f13fd86c748972f83a2e2f","4636","No"
"0x27771ffd3cfc86e8cf98b94adca22afd17fd0163","11111","No"
"0x27954749a549cff2f2f4c96fa6e747f99c770343","723.06","No"
"0x280cd93e862c23cb95d77299253659747f5d8617","500","No"
"0x28aecd3fc053570f07175cc8b4c6404f88edd51d","7220.53470364902","No"
"0x28cce7f88a00dd79770fabdab604d187ba2f5619","34750.1110428771","No"
"0x28d90e19231f891f3a9dd573320497fd4fc21f59","0.0596224536255606","No"
"0x2910129ce9782f02937e6db26ca202ab1a1f9231","5791.5","No"
"0x2919288c749b14bad9cfef29e911481c1ccee731","24416.116","No"
"0x295d51a6d19c7509da4558b345e4b8908e0a9e07","13922.4866630375","No"
"0x29feea13d2f9cafbdb812d3816c23d89c0afb96a","234716.32020451","No"
"0x2a0c0dbecc7e4d658f48e01e3fa353f44050c208","4520542.01139147","No"
"0x2a964c178cbb3f929b9a4d30b0da04e05056fba0","80580.342","No"
"0x2ac33b95cee80272d75745d78063e6bda955f246","167627.07","No"
"0x2ac99a74add38482558ac623bd9c15dd3959b15e","27894.4967801092","No"
"0x2b768864597ff3e6f2f4a5cc7c266935d26b93e2","11527.3416304639","No"
"0x2b870c8d640685107bf2f2e6a11f09c9686f7806","42497.6221947395","No"
"0x2bbd4bc36d286ac193b8c14e0abbb335304c50e4","26210.3816575134","No"
"0x2c05fcb9c7a04c269f04c6d61457848db03e6302","32421.927974393","No"
"0x2c2f726fa41ee6b7992c332f185c2228747e34bb","11084.6243916596","No"
"0x2ca48db3a7280c8e7b190f0b5c4d2de550c0d8ff","2177.97077979734","No"
"0x2ce38803bf39dd09e072255b19ad3912bb799603","11406.116","No"
"0x2ce58064b46711cb6a94c4a627f5762abcd34cc9","610.892","No"
"0x2d3d50ceb0013b3f0fc01d38290db811cf3598d2","5522160.20761","No"
"0x2d407ddb06311396fe14d4b49da5f0471447d45c","40000","No"
"0x2d44988f48d651ea649df93ea83fffe2e1f777d2","3126.59148833891","No"
"0x2d4a0be3a16e8daedfda070c7daaf726cb19a1ac","445515.17264587","No"
"0x2dc81f8c23fdf7bbebe15b8c13118853c701aac2","794974.913939731","No"
"0x2e44b942b876d4607aeaa16be36add6a7f35c320","48126.6671103638","No"
"0x2e87d9904d7c44867857f1990fe6737498af30cc","9513.936","No"
"0x2ecf2d0f689085ff6d8e8cda423362934e971cb9","36479.2086261468","No"
"0x2f3e12246751e3204a3196a353d979e9bf25ac5d","1020586.055","No"
"0x2f3e7bd6a3ccd74abca9a4cfecea353b9d933280","366262.448609872","No"
"0x2f506832d421f5f0aa79ecabbf380d0dbe3539ac","22380.922113389","No"
"0x2fe335ecb18143f123535d7230987bc87777647a","110213.455257165","No"
"0x3003f8c8a69f2382ff7378289d13a26ee682d222","11361.2501471596","No"
"0x3004534be4574b45eeca91caed64aca6e1f52cb1","888589.32","No"
"0x30188590c1fa69ce062417a7f0f0791ac1a9e6e3","10008.1751583734","No"
"0x30356c3fe3405c0d4eb3239078b4090ff51138e7","5000","No"
"0x305344a0568949701ce3967ba7831a18be12c760","8003.78324414","No"
"0x3059154e9fd69dd49fb501d2c48d2780535f1d34","3802147","No"
"0x311ce9341be470f82c25635fe505cc7e4542b420","59626.987075179","No"
"0x31f4fe9b63bc56a26ee7d937c5e085948a922f94","2550.47247287","No"
"0x323f5bb64b34e259ed16ccc3f5037f4857a684df","1069956.81","No"
"0x33480283475e814a53536a0034f5d7c8772781ed","68276.022191643","No"
"0x33505d0e8be3070a75373b790ecbe39ae6608021","14149.3279680341","No"
"0x335d037e349d702a469ffb19f7884c9b96bafc63","27571.05","No"
"0x338158b504f95578d83c532956811f27bcfa439f","200000.61594081","No"
"0x33a00e9f9d3c9484fa9f3953bd187b9bb58cd185","13560.9515048762","No"
"0x33ab1f13395f15d283cfc41181f4b8e7fba1adf4","3000000","No"
"0x33f9e01a592c7dbeafc792ab8284cec71c96e828","12161.6668660658","No"
"0x3421ed762cc81872485d50a10e8fa597c93eacc6","2343683.0831","No"
"0x3422b32c747b300cc5f9f76fc64cc7d7eef22837","20","No"
"0x3476527ed374cc4e17590834d4b58ee4a820d565","142921.426488068","No"
"0x34e66226c4486b7ec2c0ebe0e215bd01a5121f88","1789593.75041","No"
"0x34f3f627f0e737afaf508c2959401a5863e628d6","6282.71631122571","No"
"0x34fbf6af1bcc58d24bac64539ad9d1a51322aa09","6507.77128955241","No"
"0x350e142e9c7744b1315dd3c1ea4a5abeb74c05d8","670.15690721","No"
"0x3520b72f2a6fc38a86a0720e4d6b453d3fcec13b","23412.4804502613","No"
"0x35241fa05ae4e6b29650edd34ac0de5062061b9e","27681119.450068","No"
"0x353f9a7ed13ce2f3769478e72f1e20e1db051067","13.2832131675016","No"
"0x35a9fccbd2bea1ece547cd45db3a284df996f89a","1779.9395","No"
"0x363f7fe465853e862d1cbf045ae8fa654dda245f","4.837502012E-09","No"
"0x3666bfcb401c09e782defc9d3523d809a7ef02ce","257266.419504536","No"
"0x366cae5671ed0c279b4ba862d64d777baea88b83","20000.0176787791","No"
"0x36752b7defbd4b6222e8913171b4111a11ee9f6a","283367.717","No"
"0x36a89f4dce50a59c1e8c898af67a3734fe0fe6c3","38453.092","No"
"0x36bd14eaf211d65164e1e0a2eab5c98b4b734875","10530","No"
"0x3732a72626c5b796a06f170b1a7222921c37b8fe","7615","No"
"0x3762bf62ff546460e1d6d1eae73d5ce0a2774473","516291.446888","No"
"0x37757b63de4a6a82f12337d4b8984f9f1808e709","2.122027276E-09","No"
"0x37b1f6bd94ec161cb0d37c2d8276ac0218f3d8f9","5.7435124500199E-05","No"
"0x37e46bf1deb918678ec6c1488d64d0566bcdf43f","45664.567301429","No"
"0x37efdf7dbb51e666f5e834a1508286f3ba3ff625","5000","No"
"0x381a2d76f12984bdc91d35b5a841ea7891d25505","96026.8524873781","No"
"0x382b7f99d8aef0861598685def79b55ccf2abfa2","62196.29602061","No"
"0x386e9a4338749d628f1b41fa1bc2a12e026d59ee","23455.936","No"
"0x386f40a53f94485f6dba491bf5ae1887830bd36a","6727.74981753767","No"
"0x3876494d298d0812974915969d607a8ec6d8346f","8503.05603123989","No"
"0x38b3ee3195c18f2dd9cf3e0c2de33a9bd1a42307","1378.64471161117","No"
"0x38b8268ca53e6ac25fdf19d023c383257a84d165","7696.33317142822","No"
"0x3981d162fdf429e8c9eedc092a6559142aeb6637","25093.8249992966","No"
"0x39d314de70996d112b73f21940a3bc47e7150cba","7191.88513513513","No"
"0x39e903bda248e8e3c5e6a515fc8908aa700fcf5f","4651.476","No"
"0x3a7af672beb23e8b43132449d7b878dbeb893f03","1","No"
"0x3a8f476dd4172229961f4116985484b5405f612a","22688.7014604956","No"
"0x3af35e74f8ca70ed1a7198c0ee2cee324c9c2ff8","539.936","No"
"0x3b40917f9df83d8edee46fad58e3c43173409e5c","36000","No"
"0x3b49b8c2eb78a770f87adf1883ed43f94479b3b1","87750","No"
"0x3b5b3874160694acecde95df046aef267617bac3","4296.59716455776","No"
"0x3baf5595abb35af981b43169bba95f0f4b40a321","208067.725817","No"
"0x3be320a51bc61feb5c3edf65ffb225a39362cf1b","1007.67375660572","No"
"0x3be51fd46167e9449e24ca154b5e24d5e030de34","11000","No"
"0x3c6361b62de94b82fcd3d6b7a6107bde2c7a5ca6","4736202.90648485","No"
"0x3c68d82cf936f946ec8a8d7c507b09e918790b04","13978.961","No"
"0x3ca9a31daf5c62010c07552714b094ba81074887","35100","No"
"0x3cbafb5dc1b98f09b33baedf5cf8d9f2b4d3c0fd","200257.424805168","No"
"0x3cec0f67d027783ed47ac2edb122e9a0653e62f7","516842.017211408","No"
"0x3d356097790ab056f140fe9f004f50cc041278e8","3087.36083721684","No"
"0x3d9979626d07df08a649ea51a24556ddd1b7f51e","24084.6540262034","No"
"0x3dda141553d0fcf61b504db81f557ca5a2f4ce47","1800","No"
"0x3defd9ee4686a5ec7082ff5e80885271c6643ac0","86095.2387515624","No"
"0x3df883542ca0037346acff9417ff6a7d68204096","10000","No"
"0x3e09a258b9dd0ea60b04ff855fbde471d847d381","122488.966528129","No"
"0x3e300e8367a8c8fb4bd0e3c339be601d762c01e9","5269952.66094","No"
"0x3ee0ed6b8a321b533d0ab12970943895115d3420","209353.634486334","No"
"0x3efea8a11bb40052c0b49de15f7c6dded03bb976","552.58610184","No"
"0x3f08e58242c44c743d91e733bef42daf8fbbf81e","3.999286443E-09","No"
"0x3f5b2419755ee4a122209e38416f3b056f98e9d4","54703.45582","No"
"0x3f6cc729736e53500e316acb083dfc7abd878262","12922.802","No"
"0x3f7f398b6338a94aa23c84b197e6fa37257ab2ab","4793.49147515212","No"
"0x3fc03fe3b470b50d8163db99db935976a6448fc3","9813.29622018058","No"
"0x4062c8b39fe33873ffae3e0dbe47c2bd27401a5d","459.622624528375","No"
"0x406cbfc2d391bed42078138165465128b4e0cb06","49926.616266624","No"
"0x40ca586761d4db2476b0ccc97ba0d20b2c262ff1","12285","No"
"0x4113adf1dc788af33701b3ee4be1a4f3afc103bb","3948.63440800655","No"
"0x411e8fa8d718a5c2828f895356ac57b94285ac08","423901.55092009","No"
"0x4133c1de60f9daf086e8181b43a57ad0eba10f40","2","No"
"0x417605b25c37cc55ca3a524aef4fba6d1a66fdab","40000","No"
"0x418f7cde9c7de38f56869d38efb213f241874086","8.9963470745E-08","No"
"0x41e2ea6680d8c6084d00dd237fe95d61a6125871","511996.761587914","No"
"0x42646bd72059092e2ed6c03cbf7540f661c47ce1","101737.589086816","No"
"0x42dcd554cfc9d487bd14b8ab4df83a5fd9b1b6bc","10157.360605667","No"
"0x431c6cb0a6d07b1f917fe3d3689634d08bcd453e","223659.364771724","No"
"0x43681f57b3f5c6ce26cf3e828baa7bf5b38f84d4","18440.2667789779","No"
"0x43713a10826ef82053487d76fcc2aa697453af12","322263.335877172","No"
"0x43805339ea73ca17558e16c8995e291006cf39ce","250000","No"
"0x4382bee44d1f8af66d0d65bde3cac9680f5d8571","200244.575760034","No"
"0x43a435418ca97a2102403e318cbe06cfb0b17942","38.5608490476667","No"
"0x43d477ff6fb81f908525ac4b7f7eb8c529ed7682","17365.0680170178","No"
"0x43e585fb44c8c94cdfb225c0ff354df83f88a81f","5.76547484E-10","No"
"0x4457ec2b6ea75b16185e5d54b8dcaa66387bc306","151070.614780141","No"
"0x44663d903bd52341445aa0f9856af6d3ec09288c","500000","No"
"0x44e3daf6bfa2905ea385cc56a4324819755b8fee","11823.9496700633","No"
"0x455359f8294aadc45d60e3c08c165a09a7932674","16972.72022862","No"
"0x45842999e225c6a81efdd5553bbdd70e68cc7ff4","5101.01639885583","No"
"0x45eb0fbf84584322d886726e29215c28db0562a3","18324.2573696959","No"
"0x469dc8c29672e760f72ac1995626bfea7ef54c47","78106.936","No"
"0x46a03916158cc281d4b08e99597e39d98d1b14a0","6603.4019286354","No"
"0x46a8e52c3ea429558dd0a06cb496e22371c99289","6675.88209591726","No"
"0x46dc7b62c843df5db3d0ad27959eecc280f68c81","3264.96115936","No"
"0x46f696dddbb9edbf504a4e0226016190995b6dc6","2038.4782226929","No"
"0x46faaffca810972a3e329145616a569308b4df1f","9.999999998E-09","No"
"0x474b5e6b9ec0993c6c942158cb23bebceb4fb764","2846.30252496513","No"
"0x474f4a896e5410dc4b69c3fc2b736c9987e70a84","13817.8136740794","No"
"0x4770cbf93bb7e113abdfdcf8ab71134f018b5d75","20197.4972774363","No"
"0x477755ed20250c5d1bf602d2cdbd7705a7cfbd5e","22806","No"
"0x478ab17d8d686904f1c2c0653b1d1d0fcb1115fb","39736.9228437715","No"
"0x47cc8c44978cdb6c27fc6fd9dc2fe2025a1efa8d","26051","No"
"0x47d9fab081fa243e6e03d13fbdd5cb8dbe2c12b6","0.00798673362319278","No"
"0x480754979eb700a161e530af39378f32130a155a","386.1","No"
"0x48b16b9022e77d9192141a17ce6860cb47923469","111048.850253819","No"
"0x491e94490251df18d1a455a3fc3c8fc64b419c28","794.649716677377","No"
"0x494cc492c9f01699bff1449180201dbfbd592ea5","1E-18","No"
"0x49a59c6a34f597291e7f51d1567bc9823f5686dd","2675.4039276697","No"
"0x49a9570f79143a62fc483c027e43af58de6f1d42","3.321857451E-09","No"
"0x49bab2ddf4e5271405450cee0b23e143796c3003","377212.17945454","No"
"0x49de4096c84b0e38df2b481a7e194aa74bd2fffa","7.925995873E-09","No"
"0x4a379c000abc6fab178fcabe4503f42c8eabc63b","9087.662","No"
"0x4acf1a8bb202cfbe710e5d698d03bf8f47684b8e","791640","No"
"0x4aee5257986b57c265ad0d5006ec7a622d1389e9","60000","No"
"0x4aeeb439ad821a8e8f9c235ce7e492bc544bc017","306813.379672358","No"
"0x4b0c3a8d6ff0a091d9ef337c059cbac6189422e5","41817.555","No"
"0x4b0fd6ec0b6a1afd2673737da6aac25652422932","781.793485943201","No"
"0x4b241b1463f2e71c7f5951d794f7990d8660b6ca","3966.89667732417","No"
"0x4b911ffd8d8c982faab3bd08c4dc786c6718b31f","59233.5892994543","No"
"0x4b9caa0ef57d9dc0c6d82ded7157d444b7a0dbf2","0.496","No"
"0x4babfad28b92c9dde23e7d0b03f357f1f45f7012","74886.5415839523","No"
"0x4bdb031b7f3a831b186663a8d6e050f3b773b7cf","2713.76058642921","No"
"0x4beadb9ea3b346a715368dd03d75b6fc8c488966","10000","No"
"0x4bf3854e23c1ed5d72304a86c85d29640eace788","7077.36598454606","No"
"0x4c3d50688581f7f8669923793244d91c86a1a738","8088.14585379484","No"
"0x4d40b22b6eb5a413083cd4dc8c298e997a5ab5e7","10417.9630498503","No"
"0x4d4d9d9e9ca2fe3243ea19f48cde28db8ea29d67","7893.9","No"
"0x4dc2c383072a11e8b5e25435b198d7acda5a6570","13030.1943000156","No"
"0x4df4cbc43674b2348352c55eac59bedd0901e96c","212885.197905506","No"
"0x4e1cd3701a14004f07bcdc029465823ed7a2f145","0.345","No"
"0x4e3f199660639b1324eaa9051fde555f23a57176","3039.79385169397","No"
"0x4ea9d2b9bf882ce338efdd4f31f4baff08ed40ca","123963.484","No"
"0x4f4063a1719cab8e5cce8af62f686a25870c6758","500","No"
"0x4f72700161cd396d6bd4efb866cc734af89f63e0","1728.69799309957","No"
"0x4f8393f724d2c5af6d61225ad7cf1d717c1648bf","57414.2059925327","No"
"0x4fa668aaa9cdb131697e0ec4f7fe039da621b5ec","56442","No"
"0x4ffeba1b2a33f2267126d6274bd070b5c843538b","300000.398993386","No"
"0x50072aa47d80a291b57607aa3f458007a41312d4","35403.9144866675","No"
"0x50987cfc79704d602539c7a3933a93ea4a7421ac","37320.6744781768","No"
"0x50a23cf1c64e6a32c5bbdedc14f0d2154cfe5fd7","5644.08","No"
"0x50b0ef6323032c98aff68ed7df14c812439d2b3e","11129.6760381498","No"
"0x50ca7db0d33b8e2076ca2c3664d606139596f356","969595.597686856","No"
"0x50e2279b6093a555f56595c5d0dce6407ab71dcf","2000","No"
"0x5130ca2083d5a3fb40df9217cf3e7906bcea0aa5","45333.8075666084","No"
"0x517d5f322b04feeb094367bbc83dc191bd575b95","1213409.29666679","No"
"0x51bdb4c2d5f66bff124556fdbc195f3b5d349a66","87724.2969397652","No"
"0x51c34ced61b5cf19776079c3ff239cd5f5ec03dc","14.186","No"
"0x51c6880ee353980e97f16878ce7a678052f45cd3","6678.4459637662","No"
"0x51da06e74b1f335077eae69eafda88f84942a062","2.97949452E-10","No"
"0x51f657512ff6ce2d5eb0cd9768f7d231a12850b9","175714.11","No"
"0x521b617fd6f4f8c66b45fe98599a53dfe0c828a5","1141559.69451195","No"
"0x52ef55cedfc48e0d9c38d4190e1a8aa8404b5cfa","25908.254908793","No"
"0x5313c5a4877334ba1fc0354fb1b0a78c12e09fb8","1900.00000001","No"
"0x5344f98facdddfac9b970cf7481d213a242787eb","5105.88820401789","No"
"0x535071be87a43f1cf0b317f561054fda6ed316c4","8.003266766E-09","No"
"0x53daa880c555abe8559360ab3f3cdfbc64b7f162","11546.1537733829","No"
"0x540594e428b4162ee0e04ef20537f1ef5d4601f1","928.952800230805","No"
"0x543081d731314714825888f4bf578eeeb06c417a","46200.4426607216","No"
"0x54596b793ddec767e33079088e8d1d6f13ab1eaf","21340.223328032","No"
"0x545d28246a59d0c3b9c74a44ad017ff7f85259eb","18518.5255659042","No"
"0x54b886cb97376e59d363c6d6164a4083bfae120e","9.749339178E-09","No"
"0x550625b5c7e97981336aeeaa3c0c1dfe30572eb3","831.567963319207","No"
"0x555e0e1dabd9bdb568a1d1357dedcefc21c3e25f","7435770.97678631","No"
"0x55790ab306d9bd2a8e0c517145b0b079c6e7b78a","8803","No"
"0x55b261b8622d780b775847b0beb484b88bd1c750","1501.17286086867","No"
"0x55ce24481c0255f1a00d079ac19243709b271921","29727.1570238596","No"
"0x560b129c320bc6bcc3f14227378f0e254b34713c","7031.676","No"
"0x5611ab15f01c1dc099b7b1f158735131bf7a62bb","29501.1268234527","No"
"0x56513d8fe8cc565329bd8887be847d2057c35147","1018.936","No"
"0x56582ee35025473ab6e4016cd10af56104c56bcd","99406.497","No"
"0x56584ee28735e10b381275b913b934ed656b0e28","14349.9998443953","No"
"0x5691396fbad14f1663ca2efefb95796ecc6848e2","1912.66897390322","No"
"0x569972980de659f261bf4ce187341cbc126faff1","1025","No"
"0x573ea6c6b19b1a829b16103c1d880902571d4ca0","31600","No"
"0x5749d0980161f669df17429ab46a2da162f91a2d","10000","No"
"0x578a7c934f49b6b6d95688dc38d4b17e09327d01","3336.45545718052","No"
"0x57a9d0b5fdcd04be078e89ef24ca4c345af47e8a","13839","No"
"0x582cd79d81ea633dce8a44b2c05e49064dabdbc3","2059.476","No"
"0x583da1094d62ed1d385880e4b892722c6bc22d81","69154","No"
"0x586771961db49579668b8379635dffd167be5c74","2.342167154E-09","No"
"0x5886ef63c636eadbf0f88874970a7a0df077ccb4","13423.071","No"
"0x588c3d7f52398884aec199a6ed08a29cf75b40ca","750000","No"
"0x58a100a76ce1f575cd2bc8b379195848cfa4b887","813.690695618541","No"
"0x59267aefae50c6d29365a22c758655289fb79514","1117700.98868102","No"
"0x592878b048316cb98864b716c084ea9c418d7ed9","0.335231161415111","No"
"0x59ebb1da6fc3de22ffb45e8d25eac7d5f4b0c668","1847","No"
"0x5a3d6bdcb6babc5f1eb357311578d82a080bc3f4","962","No"
"0x5a416498e6f309c7643261b2feab2698d96da825","16918.79","No"
"0x5a8d16fec8e8092e2d8b4bc23004acf944513370","1000","No"
"0x5aa9e2f7ccdbe97888054f2065e2174d84ac8dee","39225.0312204446","No"
"0x5b047b75f59a242d2eb077e5c7607b8eda8b0952","7816.5228489449","No"
"0x5b8688236e1473ec108ce373feaf99e215aec49a","16831.6956334605","No"
"0x5bec50d28d1baabcab7c2b774970b7f5a28945c4","3685.52411474904","No"
"0x5bf53e9e0e9240fd4b5280017b98c92af6ce0019","4734.66626034623","No"
"0x5c3c1ea84bd2e0e8ffb00d419c5c0a5748c094ab","1062116.811","No"
"0x5c43d3dd5fb71951b7a61e01bc4e47dd445d75e3","1006.03382851529","No"
"0x5c653fb1530adb3f907d00d4b2a0c556bef413bc","120885.530775642","No"
"0x5c824e88cd207c4316441a4f9f9e884b2569c2e0","10000000","No"
"0x5c8c6b841b1da17b9420dfa8fb7746e844e55773","46084.5313830644","No"
"0x5ca91274563db27961358816b2ea673993e0096d","1047404.52233187","No"
"0x5d01573e324f3e42b3a57de993fb27702542b246","64792.0059007782","No"
"0x5d0de3e3ec40b68bd818f1ec9fe1b4118d97c0b9","11911.11013132","No"
"0x5d48b8b71e34e7f89438c71841c9cface8c8ebcd","1513940.46902189","No"
"0x5d652586eef078ff80cd70292e602ca6e2a71ab8","1206839.0453665","No"
"0x5db41644cb6d9a2032661b4d9a57fe81cb687c30","7719.733","No"
"0x5dcf300a52434930e441da7970ed488303caf490","20000","No"
"0x5df201a479d19e43cbdbff57ebdfa15243c4e8ec","3542547.72538454","No"
"0x5e28788c65c91e71f236323daa5ea002cacbc4a2","4305706.63116152","No"
"0x5e403f163825786b2f253c9c9c755c7ffc5a7b64","70200","No"
"0x5e49e5dea24cef1c52990ef9ec878e2b466300e1","4.825602312E-09","No"
"0x5e8cfe345d1defb683065bf0c61c606e4ad03c09","590298.622713","No"
"0x5eb3da3fe0f2c91b677e17c07a616dd5e7e97cd7","29010.15","No"
"0x5f20d84dbfce7d9bd5b43dd22e650e1ef017c011","96525","No"
"0x5f31ff17b84f30a1039962c61762cc71b584d1d0","66421.2180597292","No"
"0x5f35c52720a2c9b20b85be6fcdec0e31c5ef9b88","85332.0145730889","No"
"0x5f5869f30535c0f322657de121260a6612ffacf4","3.407314785E-09","No"
"0x5f81bb2a4b53ad28a2d81f28698d6672f50a1158","20","No"
"0x5fad77e5a483aad5a775c9e2fc4bbf5182e2ee7a","17000","No"
"0x6001c39174ed826b5d28e4791c4aa96a945258da","1397811.57701","No"
"0x600aa1a95941ab4f64ea14bbcb65cf4961438e5c","2170.91152501619","No"
"0x603b1419ee42b99ea1957d3ddd69052af70452f8","1111","No"
"0x603f63c402a62b6e90b7a39afbb87a59232030fe","7946.936","No"
"0x604a060d8eaa48bf10ed99b6f643557d645dde82","100213.88622902","No"
"0x604f95cfc111008eb7e24606e6ef4595d70190db","9737.97047335138","No"
"0x60dd381e7feb58711d92a892a6f250ca12516ce7","33112.61","No"
"0x6125a33fbb0a1569eba83edc8cf339c51485ec33","6886.57","No"
"0x6167b4fd0477ee2abb4b5f017200ce86b08ee050","1179.73096554851","No"
"0x618f9c976d5711d74463df8e71e3af358ea4f634","11940.7362166731","No"
"0x61a06b9e8b1d8d167f8b671f881cf6ec49d746e1","1105.37120987197","No"
"0x61b5a42ba6a2d7bc2420df4e4a9ada6416d3a2ad","1843032.22698","No"
"0x61cd93364ba844dd1880b26254132e782427b1b0","0.518","No"
"0x61f09c2ba2b789a1b683c6086cfb0fba9acdf6b4","27576.1786638677","No"
"0x61fd0d043d519f5a2bd05785000f30db96809429","4.231783609529E-06","No"
"0x622970b7df1d55fd1b62838bb83a4e235de9bb1c","5259.68677545054","No"
"0x623a184f4b963b98dc85d7f578d0728f456b2731","118303.959830711","No"
"0x6299138f28e739d1b327bcc90e35d1a442a1661d","20000","No"
"0x62f7c9e6cd838e5f48d4083f08b97d05b31418bb","37040.3562837538","No"
"0x634d3457302335b12b79da8aa130d87ac473b3b2","417.916234630958","No"
"0x6356238ea8dc4fd15b293c6827a4637873723583","328.814544403928","No"
"0x636853badd6fb9da3eccc3effe6d003c5280ef14","14978.669","No"
"0x63980d84831b4dd30d0e3626f38798755e72a5f2","4173.08743344259","No"
"0x63bb4c6e6ad06028724856bc4162e260ef09685d","4.03612827236172","No"
"0x641552f5fa1f48a7f74d70da4af9cc397a897e51","94239.2790202222","No"
"0x6422c538c5ab65b2b19641e1c13c9dfa6d47cc83","40051.5321021393","No"
"0x64301121aa1351a9f50ce075cddf37958b45a643","8930.86327076981","No"
"0x6493e5f89ef9b0aa3df9a321d2e1adff637bb5df","1395.69225137704","No"
"0x649d4866e641ec22c2c4ebfe5224f3afd72fb820","82104.165","No"
"0x659dd7227b15f9d00ecffe6f215d4c3d2f3db692","102271.471936494","No"
"0x65ad43411c3307d9ce9fa5862e9c7aa357bbed84","164.735689686389","No"
"0x65c9f20ed19c5675e5bf4d6e6f1ae2899723a17a","224541.274840541","No"
"0x65eec2b3dbe259d2c57bb5a659532d69f11ce59c","19976.73751079","No"
"0x6686a313a6e8163fcf7b3db1b453f2eb39b913fc","760","No"
"0x66a12b0086e0320f2e6e26c6ff93157c0c365cfb","18575.9198522411","No"
"0x66c0ff9250a2fcd9f0274191900c3429c17ae7bf","8939.61814460605","No"
"0x677029e369dfb8fc1474810f20fffc43c49fabf5","3737.25262856242","No"
"0x67b3ed835089a3f6c9159a02cf8b5a1d20365187","143222.04","No"
"0x67e415094d9d84dbda99ec4b6e6455b8c3da8f32","11580.0886764725","No"
"0x680b3b807006adfbc4325e5f386d0044f9f4a2ae","22408.9729067829","No"
"0x6828f64b6b3d3433edd09d1db186476bd64f9601","1.68008602E-10","No"
"0x68575571e75d2cfa4222e0f8e7053f056eb91d6c","2200","No"
"0x6870a0911fb1f645d5c93e1b29f57e12241011ec","466077.618049379","No"
"0x68904281f145ca7bcda7dd583f7bd48ceec87982","6532.891","No"
"0x68aa44093a83b207686c5c674259f8737782f59a","100000.000631444","No"
"0x68d3492f9f0eb50fd4be364c76787106b6f82073","34919.6577049613","No"
"0x693c188e40f760ecf00d2946ef45260b84fbc43e","1","No"
"0x695e5cf73825ffe9d034baee54c38f250fdca2ae","54434.9417754317","No"
"0x6962276f9d0ab14837cb357479518ecd3e53f1eb","9689.60564881969","No"
"0x69699945db27e4013994e0b2d80065e96e36f443","4999","No"
"0x69749ff7b20980b5da84e1e12efb2f83897924e7","43146.767","No"
"0x697e12a5a856a67e09d514cb1b6f7a1d5eb6e706","22668.0782273043","No"
"0x698a6c41c6617b9afc81e713473f6fc108866f41","10000","No"
"0x69a5e1fe7089f73ce25b448914417bbeb4f3e10e","8.00204E-10","No"
"0x6a28b7f0a0ea53c096e2cb8a497ad81665ce1245","40315.788397809","No"
"0x6a78df9cf46ea9940ec24ed0dbb0cee2e5b2970c","500","No"
"0x6b18bf88634d7365c753efdae69ff21ed8d65d4b","50622.975","No"
"0x6b25c05022992b858a0c117fe9fe5caffd5e5b2e","265439.1","No"
"0x6b32a21de45d7df8968eb88a7ea18b25ec1229cd","7.283000001E-09","No"
"0x6b88864e14f74df51e177d0ee5a049418f982c00","8387.29713360744","No"
"0x6b90beb7916a9168ca2ab0a938991b0bbac176ad","5636","No"
"0x6b9be0cd0a0e1f04d59d3fee5d258b289b2c84af","1590564.29453045","No"
"0x6be95b8321369c97a920831d9f378ff941a201c8","304775.176545446","No"
"0x6cad3333e8cc4b5a3ae18ccb3dde8777923ff101","1242181.31097","No"
"0x6ce0a39c6c39fe8becd15d4c103dc9e647efce2a","7.196","No"
"0x6d26d2b84cb2c7d8866ff694efc41ef1ed4c242a","1048","No"
"0x6d28c1c52102b8dca7498ff83675e3067481a11c","7.435916658E-09","No"
"0x6d2f6b4810e277470432ebd3f0deb2fa7e868f1a","57602.7098390075","No"
"0x6d44572b64c04ed9310dfff80eb3c2b4120a8ba5","65809.872","No"
"0x6d52a7b3b29b8e250d5b413d4df3c5e74926006a","104095.44644451","No"
"0x6dab014bd8273fa8fdf3f8231f772192641e5a84","2569.63743239044","No"
"0x6dd595a39b0f2e3640861132accf1fc9690c388a","47536.1947807141","No"
"0x6e939600a0f19d72db85440066506ac9ec67f8e3","93830.8089774265","No"
"0x6ecd0624c536f6ff485acdcb5b760ddd7bf02258","6190.27364945389","No"
"0x6f27916b2d27f538413fba9113594899ddf44db4","7.655859125E-09","No"
"0x6f5c678e1d3c83fb5f31ec2fe5930eac801f9884","281249.94","No"
"0x70898ad7a083b8e584fb11af742ae053944fe2c7","4.606614E-12","No"
"0x70b0b37216eb2a7a3cf1fd4f146e1f2b050127b6","9551.84123926965","No"
"0x7112e07d6602c28180a55dd768fb3e36b5931561","500919.05458","No"
"0x71161687463077a32982b25cc34c2f562231012d","863452.368785121","No"
"0x713040a7336e75e3bc83c59d7fb784c1b52e1838","800000","No"
"0x7138f025e72a4facf90c29fc5854a19ed2272e87","37081.3308025033","No"
"0x7158e32ce73bb33d6cfbfb26329ea59a71d10b21","6022.15497340752","No"
"0x721de826f3ce61733bcee90b9d1b6594b468ef84","7800","No"
"0x722a89516daee38f0627aa60879a7b94edf3c8aa","3730.62482261135","No"
"0x725da02b99d4a89ad574001b63acacaaf47ad783","6.56163464E-09","No"
"0x72715b896db7413b09c1b409f28a2600ebd47a2f","117176.779338639","No"
"0x7287b8960c01c1861fc2ff94c9e3854aa84e82e1","6.438702928E-09","No"
"0x72aa3e7b8056b086d17acc1449a03903055f33ca","2000","No"
"0x72e5263ff33d2494692d7f94a758aa9f82062f73","6759404.56528873","No"
"0x7371b11d13dcf4e02c3662cdacf77dd4161adbc6","22542","No"
"0x738a74ca5ce0c6988f76a424d5c8e79f9e8c91b6","23055.0831355419","No"
"0x73cb67b6c6c9f09a258f594f1e90aadeb6cd4991","6200.46333052023","No"
"0x74120563ecb59d7399f75da73c7c8c6df0f86e90","195307.886127661","No"
"0x7414d69d2bdd1e59fbf3db21cd08a8550293e9a5","5150","No"
"0x7430a657f87e3ea6aba550569d5a6ac0f96b0414","2697.13425891506","No"
"0x743ccf7d61a9c4b772617f3b681960c58495c949","3.666193298E-09","No"
"0x74a8782cebcc582213fe84d0b5e640a7aa809ae6","30069.0596581421","No"
"0x74ad75fe06a77339347f284b1b86ea82df437abc","10653.5075989716","No"
"0x74b964e9dd8f4abdcf6e9bca197d59c4b84d9f19","2100","No"
"0x74be5f2fd0272c47839ced39adcaa4f181f1233f","316224.97552","No"
"0x74f6d130cfb6fd838aa0e8fdc0dc500e048cc5b0","7026.76590283762","No"
"0x7522b84367cfb1038bfdb5d630d871f35a3fe0d0","243106.358782601","No"
"0x75b8c33e852f09dc82bf9c9ef480d63009ee7dff","10000.768","No"
"0x75f0e91e9cbbdac4ca253c0939f6d149fe4397ff","158773.21","No"
"0x761fc46ec075c576db6e105421da737ff2e0743c","45916.6988506828","No"
"0x7662292b3e1d82575b6a79f93dc7c1b28c5d4443","12368.4216618384","No"
"0x76780454cdc335f547784b6f4e5083c22f4dee0b","16843.8883767465","No"
"0x76aae5cb828ab0bce1b60fc40e25d048c80515de","3732","No"
"0x76cc4a1f57d390c49dccd1ba7dc5ed03844a5d4b","20","No"
"0x76d2c831275a067624c9016719c49a81ad3a9296","51280.8249683571","No"
"0x770e03a11bf9f60d16f578241a4548575aeb3b1a","19815.3838833635","No"
"0x773cd1eed5e018d1e4903dda602a28203a97cc57","57766.199773591","No"
"0x775142b4ba517118f0d7de6398821e48e6597568","12434.0910786457","No"
"0x7760237c3773768f501378251a2d0fa8db2ae3de","30935.852958558","No"
"0x779648f972fd9e9de049fa6caa9145ed6b4b13a8","32734.063316824","No"
"0x7798a713527ebd61fa6fcf3136b68909be0a611e","32254.625","No"
"0x77aaa14f0c7473d34097382e345101003dade318","100478.938995142","No"
"0x77b0421ecc1f7d59b3f8f06e195b41f4e8cafbdf","19970.0585651608","No"
"0x77e9b2b7c3ab29d765c9c34220ecc1c38e0c33db","549.079587305708","No"
"0x7833e78d0058e13fa15269a332b2c4c5f0fd824a","14945.3206635825","No"
"0x7915e66b491c0e0d6e4f2d00c398866332b7c167","1667234.5351523","No"
"0x7922fbc730096b2db68318b6f6f75189920fdb53","6.584156156E-09","No"
"0x79272128b1961df2b173f73aac1ad84ed94e1311","83881.7591101869","No"
"0x796a0f7cf9dd0a1a1aa743ac852246901b0cc40e","6110.15455165645","No"
"0x798108a6b1aff4354c6949ee80471bf69205c523","25673.305","No"
"0x79c5a1ae586322a07bfb60be36e1b31ce8c84a1e","7924.891295779","No"
"0x7a646dd33bc67170adc9394171172ca48c05e13f","1.5250615261471E-05","No"
"0x7a6bcb1ea4c44cf1764e64dfb85a55487ad86b12","887.860243844012","No"
"0x7b521dd7d98bbd54d369770583b3c7478e9ae534","414394.138016933","No"
"0x7b743866ba0a69cc0e9fb659a82cfa87375613e0","155613.426906957","No"
"0x7c699ce4185d53d12c1e68560ee456bedce52b03","25000000","No"
"0x7d31732fee81a13635a83e912dff419c199227a8","40000","No"
"0x7dbb8648729539ba480033bd85b7d8c0d83cac15","1854.62262744975","No"
"0x7dc0a282fcc494ef0ea59cba06f8709c04c1aee5","308091.012407313","No"
"0x7ddc43b42e932b96168bcbb489f14b8c9d7b493b","732243.143393785","No"
"0x7e1a2e3f89a79b854e189a7d288aa32d039864c5","1079.1259843304","No"
"0x7e38a624df97a537e892d3ba500a32a8985bd62c","26040.6808792231","No"
"0x7e3ca464db06ef577270e11e1b2d75b552099336","14690.3379358474","No"
"0x7e510e759fd33d9529365fee11104b03a191e306","4161858.82891323","No"
"0x7e590f5161aca9923e8296b272d290225be76196","4778.79642429805","No"
"0x7e6d6ef4dbaf549832d0521030cc25451582236e","224496.915004857","No"
"0x7edd76d7ee70ae16d0e024c84606bbf690f3de85","144129.320464364","No"
"0x7f0f4aa2ef0326ab16d45262935348a9da8bb0bf","4533.105","No"
"0x7f7c5b75c6dd4239cc859aea6b77e8ef62267949","5","No"
"0x8070f6ac248e4e523f4806bac33c90d39e072848","26746.929","No"
"0x808b30ddaa9b2a1724e7d6781ca5f0bbbd910622","0.103956589295283","No"
"0x80c27cfc5415cd4c990b0cb14eb4936ebda03870","26330.1595332783","No"
"0x80c53d18c9769aef7be2c574308615c53ab8aad5","703105.761306918","No"
"0x80e55505197770a2a3dd0613aeb5f1f0e33a1a42","9792.936","No"
"0x814303674d43fa4fb4c694e4d1d82f54fc70f335","2200","No"
"0x81868bf0f89b2f61327b5e19ee67eaebb222056b","28564.8326801567","No"
"0x8195074b2ddb7350eb3ea8471fc61cffa3201edf","1","No"
"0x8198dbb5430a27d764250a2aa4aa7451b4673733","300.799860702606","No"
"0x82d8d99955e38239d865a9dd0d44ef5dd06ba99c","106819.317749569","No"
"0x83b1b4bdacb5debe103f2c7e7c79990dcecacc7c","341888.34701429","No"
"0x846b04fa9fe51a69fcfc898240fbd2d263614ecd","5504","No"
"0x847e65bc9e6eff1b4c7edcab636f3c9ae5ad296d","17274.2090152857","No"
"0x84c3b21cd16d5bb44073bcca42f726bc3867d927","31049","No"
"0x84c986861fcded953a0de74980117a4a696abc83","6000","No"
"0x84d3b42fd8ca64528accc94c0df328da211d02de","545389.404783472","No"
"0x85225ea8165627fe841c716c454d50390a1dfef1","1191.11641383894","No"
"0x855b9ae3bf88f11e97dda0c8ebf819b41fbfa806","46847.5161705324","No"
"0x85a5b52f308f8b2fc542e9452be9374cd44c7962","5921","No"
"0x862a199ebc489137f678ee988d92725774fbb44e","427843.936","No"
"0x8734dce0d7636f3e20a2115193b7a3d10547304c","752894","No"
"0x873c49c781422eef5cebf67ae75e9f117e6a46a5","72164.2015766105","No"
"0x8752d246a37a38dbab85495e821778fa372634c3","13000","No"
"0x877409498f44be50b0c184a42d03d200818275ac","100000","No"
"0x877c329770a62c106a230213b667f4cd08298259","37.0674667538126","No"
"0x87907a8209bf5a835a6d0be5b3e86aba19e83d85","77729","No"
"0x8879e459b1da2fc220a54262b0e52be03c19dd64","96000","No"
"0x88b46c3a4b44acbc5dea87aa8f6efa1333f81459","49905.071","No"
"0x88c0f47a0dea513d49cca68b7aaff17f2a510844","2385.24878809836","No"
"0x88c43e9110cfb993260798d2604efd59a88fef46","5780.43979159152","No"
"0x88d7e4a0fba5890101e8bd226f53daa1075fdddc","8575.81647217726","No"
"0x89fbc692b2526995dc706229b62d3c013b1caa94","40128294","No"
"0x8a8d3b7c86124b23a9af93d1619a2dfbd646d55e","8410.75155574722","No"
"0x8ab7b42b0e2a44f2c304523edc419cee111aa76c","665.07100203","No"
"0x8acb55c6d6fe96ab8e5ab7970b07f822ff625548","2905.051","No"
"0x8b7f1ddd03bf6ad8835724af7a3b0020bbc68dd8","13011.3086966146","No"
"0x8ba79f94ea0b4f474b5db04b59f59d0150109962","72255.105","No"
"0x8bf4aa00e73f518bc8a986f95c3a2580c9b12424","8515.38388597264","No"
"0x8c06a5aa5f7cd3c595001f1b475a8a480c6d9a52","157.311","No"
"0x8c0c9c008d94a3e342a3dcb5ce36adb6d572ddc4","112728.839390169","No"
"0x8c0f46cb5291f7c5f668cc7a6b8df5eab376a106","5439","No"
"0x8c16f7907af1b8ba9947a317c73f82b4a4f9bb6e","30949","No"
"0x8c2140fa1597ba30548b7aea7992730a30bc945c","24735.1444887704","No"
"0x8c4cbce4b62e6c6eb173da4ef7516f2935ec171e","0.00434774181865049","No"
"0x8c699a889413893ca1f03ba6405ae66c66f955e6","1596927.48396053","No"
"0x8c6caaca37063e6dd99e5e94f73fe77f27983420","4.020204965E-09","No"
"0x8c7fd306bc5a1abd12163703b0ecd82f6878699c","24975","No"
"0x8caf7c479b8f8e62f68c5126e360b825b471451e","1093.08199999117","No"
"0x8ce16f97141e5917cda1a535748d75afc8ca7708","5086.17","No"
"0x8d12a197cb00d4747a1fe03395095ce2a5cc6819","17526.473952","No"
"0x8d9192a3f835f85c18721127bb7ab17e7db6af8b","11163.6080976345","No"
"0x8dc030c3078ab6af850d069d2a0e5ad473327202","60027.5915543114","No"
"0x8dcef6dc5d6ec953204b89dc888ddbbe53c43059","208000","No"
"0x8de2230d6457c536aac11f03b21d8b6136132197","10000","No"
"0x8eb9b73afa3c191cd4dddb3f5e605007b9072a24","3.1091E-14","No"
"0x8ecc379c8d744142aff3ea80caf53e3e57779ebd","0.125787879396971","No"
"0x8f08ee5e3e44bdc28127e050fcb13f5e4671433d","11292.3088665461","No"
"0x8f56d67eb5be90f01e5ee75c735a3fe0e86e7a0a","494851.832444025","No"
"0x8f8d038cd118baec9958356ac38d2ec5fce35528","167063.079693863","No"
"0x9026577bf65fa9e502e1dcc54b0198cf1c88f6c2","10807.3810510144","No"
"0x90b64ac62f75718f73e070137e049565e023aa6e","933988.70436","No"
"0x912b342e07059df7e20a8dc45f62ddecfff4302e","819703.082","No"
"0x9183b548bda4bc94cf077466b338f43d3ad29db3","311.526675551578","No"
"0x91c3323a922dc6789cef67ce75e2954fc8b21c4a","2846853.8358","No"
"0x922ab52329ddc56f0d9c2fe8975018b38fe420f6","28252777.4339798","No"
"0x923fa707e31fb7fc9be2bd8683df88d4d8ccb48c","326453.408245398","No"
"0x92539c88ac3eadc55cf90a8e0b1aa17766430ec9","1088.83427224","No"
"0x925912d5ac9258e7c7c2f2249f0c5f0658dd5c10","5775.6789640794","No"
"0x92a05d270e527441258d3e9fa2589f3207ccd515","73622.6801707921","No"
"0x930c94be0c62e82da579e1a2710a0f5a561357fc","169.436247705555","No"
"0x930cec347cd3f4d1e026909a38a97145bb3a1648","85773.42","No"
"0x934e083eeb125fe3c83a4e0a30189ad65536a994","8959.18344424402","No"
"0x9373e1136f9a19855b7742257d48daa9e2d5c01e","5000.04913135991","No"
"0x9378e95abc918c3e45ccf8da7f3b4d3a70ea61c2","10000","No"
"0x93e4c0601d10c8578e18e57950cdf85097387878","2373896.01754","No"
"0x93f5af632ce523286e033f0510e9b3c9710f4489","53899.8961944516","No"
"0x9413f56b19b5cdc9a67a5757b954c2b313480c40","1E-18","No"
"0x9428a3c2c8e67f7197e2726a6f08fa5e25a6edfa","349246.202297508","No"
"0x942c2249c375ac25aad4ed9a0d108a3587a45740","7552.83460401985","No"
"0x94781879b6c0c50056a0e1c0f0a4e78346419dfa","7999","No"
"0x949ee6191e7e27e62ac6ac13b21546223d6276a6","41","No"
"0x94aefdf791db4428bd897677a464d1bfb356ea85","8087.936","No"
"0x94f9c8a6cc6b28355f48d691634bd3afbbc69148","25329.8853096598","No"
"0x94f9e8bdfbe5d8028c21c676cd0498c69d5b5651","304964.191360201","No"
"0x951b169afc2b7ac70799dbad1cfc8f318506f34c","17286.75","No"
"0x956533e27afb5bce936fb3226babae3ff3efde44","21094.7719510815","No"
"0x9595900872012f2ab54471c4c941e3c8c4d24d28","5000","No"
"0x95c7887f349b897152faa4a79207b58b0c8dcaca","8929.66","No"
"0x961ed4ca11eb9b72bcb881a43eb6d84ccd6a3f30","4057.07120266369","No"
"0x96c404e77773a1146ba531b6e6b5bdc78583c171","183658.995","No"
"0x96ce0f632a80ef466731bd0de7b781afd11d7f98","543.563147967586","No"
"0x96cf139446fe8e83e00be5e4fbfe4ccb11aac991","15000","No"
"0x9744e4daccdf1474421177b015ae8cc979942f50","36939.26","No"
"0x97952f6d3fe64640741f40380d32c8f2cc908e01","1.663359051E-09","No"
"0x979690bd32044dfde62eab2eba688466ab955250","38803.1017215183","No"
"0x97a51bc8f677f41d5eda55f75f7ea53edae17794","37689.3547546818","No"
"0x97aff317e32a56fb386d3cfa2818638a9a79ee6c","19045","No"
"0x97b60488997482c29748d6f4edc8665af4a131b5","791","No"
"0x97e89fea8d0356ed6e921e705fd759530440401f","24921.256376785","No"
"0x9885247667560796c88d385c609619a8de1ac1c4","103465.256486892","No"
"0x98b0328c2349144d52f6c7f1375494b0c26d001b","0.00511569932011557","No"
"0x98b84472e811f1c0b91245de401bb8568f1d25a1","12727.4269066344","No"
"0x98c0f89de9d312081fd97cc0707d4c6dca54089f","79161.074226537","No"
"0x994d4f7ee137078bbff4704f90494a15f35a8692","3267.61339988734","No"
"0x99728c02f81cc6568c26f268a988d25d245675e1","5648.58575841553","No"
"0x998f2a5aba1072a343bb9c12e767aff0067526a2","96033.5923200353","No"
"0x99b1e763c57aad0dddc8b1f02127b5e8669c1ae4","30528.525590096","No"
"0x99bd796babe675b410943387b2e0bf87a54296b9","37463.8519689","No"
"0x99df5de881c0eddbe79fba95edcfe38f5e33c1a7","17636.434294449","No"
"0x9a13880d31ec3338bfca0a3eb5eec390ae2a5f76","215572.225932607","No"
"0x9a25211a8dcf0a389139e2015ac4a1208f967221","8974.76","No"
"0x9a75d93f1eddd752b4246c92340b2e7dacccb67f","4677.96019028821","No"
"0x9a8d34218e5ad4d970f0432f6b4ddff5e5a7ff60","4695.76101137775","No"
"0x9a9ac537c4dd86d534a069bd0e858c127c5aa47c","10615.0047522845","No"
"0x9b24a301ecbf3d1c006e1d76bafda44b0f17b0a4","476.33884271","No"
"0x9b2f1e322d133577c1ea8ead8eba2ec727b35bb2","244.356848005721","No"
"0x9b6a2e019170431feed24b5e02bc89699a2ec497","1000","No"
"0x9ba9d4c485f9d90178949614a22d34d95c3f467d","206029.321964603","No"
"0x9c0900df1ecd97d5ca973eea2377c05579e10130","14825.9797519314","No"
"0x9c51c51f0f0a817c739e484fc249e2d04f1bfef1","2.932067323E-09","No"
"0x9c8f005ab27adb94f3d49020a15722db2fcd9f27","12783.5897418925","No"
"0x9ca72e1ffaebc2baf47f5320eded3499403a9af0","174324.15","No"
"0x9cb6247bf9e22da514b1b32acae28c560c73d848","8289.02766698314","No"
"0x9ce611357a021c20419533fe07c4d328aa311475","19855.119733958","No"
"0x9d2301b6f1e80e8faf57b25d625527ff4a40fc89","3.651148912E-09","No"
"0x9d282ea6bdb985f49cd865080a357578d4b6292d","3202.50245099739","No"
"0x9d3cd1ebf7de2c9cf20bdeb3b505226b97b3ec65","554034.092315262","No"
"0x9d810070ce5bcf421603cbcd44ad03cf106a1756","3069.12055748587","No"
"0x9dab4f1a72f41ca40876f4465de95a456106dda7","0.656732426290325","No"
"0x9dae5fabb66d425884481e19382f4616f2478ff4","15484.1768446359","No"
"0x9db49649d1d237138e7689d013348a906f20a742","1728798.34707781","No"
"0x9dbb86a0af0b607a30beda1bcce6f625c10e65cc","47890.959","No"
"0x9dfbbd38792b4430e8ec1e06b84a399475a8035f","0.99881274","No"
"0x9e4c379d8d4762379c9ec924dc0b297e0cc8e038","24000","No"
"0x9f165ae9abd3c8c729f27c6c363b41dfedaccc0e","5077214.41561435","No"
"0x9f8d39a5f9152916c5a49cc284a8fe87f32c1c90","4529.21794779276","No"
"0x9f90cdcf2105a199d485caa398e9fa956265d479","6438.93751642398","No"
"0x9f966b05ba5e968c939348daf6ed8cc3efb417f6","43500","No"
"0x9fc1b672fcb07b43aacd8b239f9fc55cce512125","14723.4534147247","No"
"0x9ff33390b88812877bdaf48b1532182e6878c434","10668.8588818981","No"
"0xa02a6e505c5adf363bcd5de1aef39f5b58aa4f7a","6.6796526012E-08","No"
"0xa07f040c4c4af0d3769fda1660a735aa42352c3f","1571070.4012485","No"
"0xa088c809f08dcbb1b932fab5d93f28acc9e6702d","26468.0172986193","No"
"0xa0b40d1564274542f1cabf8195eb26b0ac953bda","76.86","No"
"0xa0b7a66f7d3a631e7a5abdd60c66c2a1b15e38b7","318113.825","No"
"0xa0bce6e4bffe868d45dea4ee04cc4cbca694e437","1262222.5623414","No"
"0xa0df881f1ad007fabedd74559a6f7d8773b56a51","939824.277569","No"
"0xa11bd96e70d88d09cd7939ba3303b30ad2e50570","300","No"
"0xa19635b3b037fac089daaf8660dca68f0a8f836b","219507.641081873","No"
"0xa1a1feebcb0c05932e371afb36b1bc317fe02481","97065.1781093437","No"
"0xa1f1371adef6418368859bc6827c11ffc3f863ad","32991.7016815696","No"
"0xa1faa36dc1e4e483b79ae0e1d4af6728fb945d07","40370.2464964022","No"
"0xa20c215e5e4d0000a365d46988b5ac370a47a0dd","6845.733","No"
"0xa23f93df158831425c4c650ef8c1a8e136de6a72","3233.00970873786","No"
"0xa275112f658afd95da598604f5622aa1fa6ed5d9","12059.8024196793","No"
"0xa2883a2b6d953f8d41b767ce9d4ecb749ccc0732","1213.42427424707","No"
"0xa2aec9e7f76eb4a3c38d080dcfe342ca3053099b","1600","No"
"0xa2caac32a43bc2bc47a9c6792b93a7d96e395a84","7813.25518608672","No"
"0xa2e135bd3bade6bb1c2836fed6d7e069494ca6c6","4742.86043783811","No"
"0xa2e4e2cd0a5819fd241fc669f88539ac778d9499","7112.7712833433","No"
"0xa2edd213cf55fb74a4da4764501d0bc41a66bf3f","7485","No"
"0xa37675790b016acf1bf8618417ebfa7e74f3a0b4","558.669730540121","No"
"0xa3d3ff866092341374273c91b50b8a4ce3bcc8ca","17580.664","No"
"0xa45241d6c944616918e2b91c467e0b2c29b50201","2272601.06785695","No"
"0xa45b4162068c322f047d35ae649f4676344bf2ca","1037481.27429212","No"
"0xa47526ac03cdefdde320f5e8d3f2cd3765b1eb73","15186.030069825","No"
"0xa511d5c040ea93ee5bfd27be46a14ae3b4e73943","15573.0900001871","No"
"0xa551c94b5c31361776e5491fdd1fa5389918bdcd","4682.936","No"
"0xa57f48b0ff4f31e8b07f06c8007557144fcccfec","10793.25","No"
"0xa6122a445f1d226dfd23ef164af0daf0ef4618b2","7014.23560585018","No"
"0xa68d7c28a42da40b66eb50b2c87b3b6860f565f5","712545","No"
"0xa69a64dc28962d4cf24886ab8de28d68ec28913b","6.46805840396E-07","No"
"0xa748eb00dfa767709a2289114afc05e5ac6a918e","15676.2389010049","No"
"0xa76d59a6475a70f2fa36858fd8145cd5f0fa4e4c","0.6","No"
"0xa78b8a38e88e2e3d9fa247d4063033a9bf5e8e3f","10615.3453662363","No"
"0xa7ad98ff3de7d9cb6c0edfd398472cc48e54e42f","39487.5","No"
"0xa83c02e8675b662c92bab635de1dd69d265f4344","30.2964085458665","No"
"0xa86afa66eda2befdb3e7876fbde781b8f8cd1df8","435167.94332478","No"
"0xa958ea41b20f327f16bd5d3d59e2d11f3ec4592f","362.83","No"
"0xa976cbc7030519957935ef17d70edff5ea262444","68249.1858335494","No"
"0xaa7f629deb505756578aaa5b9e14b282369c29f8","131487.255","No"
"0xaae7867fe3974be3f1e65601a7be8c96d00fb17a","5","No"
"0xab07509e324da4523dc8a495a7d313911fe956f7","1265710.558629","No"
"0xab0db59e894d681335fe130c647ee95ec4d85603","49826.561","No"
"0xab141ae269fd1a0c53758112c6e89f3d7807746c","4.06046451E-10","No"
"0xab2b4e053ceb42b50f39c4c172b79e86a5e217c3","76233.69","No"
"0xab30b645c1431db0ea926529113bfaf9d6c7b3d2","24173.533","No"
"0xab50353f36485864f53b4e9025e7059ded04f70c","30084.5879048246","No"
"0xac6b7ef97f34dea69535af4ea31ca756c29c5f7d","38896.954679086","No"
"0xac9d996864ceec7dfba41c890d6557de5cd8b990","102570.528752092","No"
"0xad265afcc107c414cb55373f20be09d250580656","7151.80684300715","No"
"0xad285fdedfc0d5f944a33e478356524293c7ec68","45008875.9608681","No"
"0xad56602a8ba52d0c3061d5bad7be5bbc2b73df5c","1094.92029613115","No"
"0xad5f69752f940406c75c9cdd70071e79d12a383c","669287.02453","No"
"0xaeec32b0a37207a052d498aeace91ae1e4c6d389","253565.05","No"
"0xaeed3e9e9c085c762069904713d568d43ef5d590","92198.75","No"
"0xaf5d35036824efa94f6aa0fe5e1fab57aa3271d6","1574.332","No"
"0xaf65d5903ac60f07a6a01b79d2854d2fbe28e84c","80857.1559519084","No"
"0xb016cd14c44072a426c59667288b516273608ae0","36948","No"
"0xb07f764a7732bc405faa5a24654574a96eaedd9e","5500","No"
"0xb08f2db3e3448597f3ee58b73b3f2eb8718a6ca2","415626.273539","No"
"0xb0d8e769ffebd9b95fdcea952915aa8cbca87990","1001","No"
"0xb1dbda5d40dc8d3ff2f631bd13f9ed4216b3823f","159010.955047757","No"
"0xb23f23ada32f4f94b1a48e55340979a8b2095359","33086.7158431082","No"
"0xb273fcc3a9240c2f16faf84a10a782cdb62372ec","19007.305","No"
"0xb2907ce49debee7188d99d27a9a12590d699464a","1","No"
"0xb2e700c6f8e874a3381622d8c86c5f5a941103b3","25147.0945656127","No"
"0xb2f1e88096afbfcc5204cbfa5553264157fac51f","24837.8639","No"
"0xb31bd1ce134e57a1589261ce9011bfafda1d2da3","6.180541781E-09","No"
"0xb321262eb1b09f2ec68c91520c218fa8306c36ba","4.397374356E-09","No"
"0xb38603b9a66d463d06833283d564a1daf6be4afb","0.620963653586966","No"
"0xb465dbed6a02430ec1d1069dd3ac8f92009abfbc","4.09190372E-09","No"
"0xb4a657b4af3dddd4b8eca57b5f28fd0634d98854","7015.892","No"
"0xb4abbf0a0024689417523c1ea9b9211d6a5a7046","196745.42","No"
"0xb4f33ce5779644b96c2d3430c846c67edcb8cc54","202779.395671791","No"
"0xb5538314ac99dbfd2630007c366d6a8bb1955967","217.457694721557","No"
"0xb59cc943ff7c1ef0526c7ca153251d3e69c9c374","6932","No"
"0xb63bb45b2ef614ce087dc01c98013d87fd757896","9869.30206814434","No"
"0xb6a34bd460f02241e80e031023ec20ce6fc310ae","2090896.4859","No"
"0xb6b50fc0dd38a890715a36a8dda59ef274666987","0.741930266506649","No"
"0xb6e8b596d027da3c33d9c15eaf0522ef303ed508","6823.83559074919","No"
"0xb6ffaa90a17090ab074e11990564abcd5e9f3cd9","1236502.13135327","No"
"0xb75f9402334c2f70c426829d71ff71f6d295f54f","19165.620708177","No"
"0xb766dd152632b023ecd14628c9abe50f0fbd5a02","137101.72785794","No"
"0xb77a727ff73f5088e27644d8567269ae5b750d6a","32854.4665239668","No"
"0xb7834718a9747f300e42c4ef94b86ca21e632b84","18.152557205057","No"
"0xb7d0596e636dbec773075372868b14d5a224c0fd","580932.633798949","No"
"0xb80d63eda1652652732d14ff914f0d32dd41f3c1","5004.82","No"
"0xb84357faee1dc140a834b14f2159b31005fe87fd","34000","No"
"0xb88e6ba91212ac639ee0e734cac532ade4fe8dbf","1407543.99433","No"
"0xb8a670ae62c10363523402e29848477d60dc5388","271077.878677","No"
"0xb8b7fbd673700f46215d2bf60baf20621b4412f4","7604.54459092032","No"
"0xb8f00e3d4937b00370fd173de89183f94f32c140","613166.999868","No"
"0xb9805b28e758bba291bf72db9d14c6d33bf74a3f","70965","No"
"0xb980eb58f86eb102faf8cf25facb15eea874c7d6","19249.1739414343","No"
"0xb9a242145ba874896ebee6cc14c36dbeb9231430","1432.13410756","No"
"0xb9d947321fe689be3ed065426019e9399ad0eb09","11821.45912478","No"
"0xba644cd6103fe2cdecc6d754f84a6fab7580d94c","240572.476","No"
"0xba95274efdb07a3d851dbc3b01edc4fa24bccb4f","1079788.41598","No"
"0xba9c7f99730808f3ae55fea47465af0260b51d7d","4600","No"
"0xbaad5a43c715813361c9eacfd96f2bb259b06585","14629.7386142683","No"
"0xbaf36e4ceed3538010b7ef7068330bd172e81288","25060.3982139998","No"
"0xbaf41f63c5b34e8d39b4ea7c5586b3b531574f18","11129.936","No"
"0xbb3f04ea632297eb75878010c564a0d80fec2af1","12861.9186389026","No"
"0xbbe0bfdb0daeefa7bc5a2c73ce34eac5bfe7023b","173023.416365882","No"
"0xbc2456e3ed4ab535b56ba7dda71180ee556fe346","2426327.69022028","No"
"0xbc2767b8aaca07446d7b633135980954a4e0e7d2","186300","No"
"0xbc80dbfc07d18208690f49dedb759d451b369c60","346056.329161204","No"
"0xbca8b072de18860a00c72782b3ead19ee13a9fcd","331279","No"
"0xbcfb82adba37191bdedfc3b46818a9d95f613124","9723.92775812504","No"
"0xbdaaa11b2945d1a76e0328cd7ce7d7af13ac001f","18612.0565237464","No"
"0xbdca0feb9f3695aaf4a6582b3a35873d52135a5d","6155.936","No"
"0xbe4475b0e09a017a2ce7f1b62af078cac7bb470f","40000","No"
"0xbe51c2398d110274c36849bf83a32c0ed7f55fd3","805879.088501176","No"
"0xbe5777ecdfafb77556b2bc13a78db37625d0336f","515473.385270705","No"
"0xbe71f9b66afbcc223e8a4418e35ad0268e0ad6c4","3459.24134751166","No"
"0xbea03321d9084b980f07cad9f8a3a90fba267d7c","25836.8915286349","No"
"0xbeb98f09e9012bd2bc37f93baae7c2dffc56c6e8","55969.3","No"
"0xbf02e5706febbf68f7ecac6f09a9901bb093f1cc","13577.5134415938","No"
"0xbf2e23c09e2b627a69846f9138103311d0c9868a","5000","No"
"0xbf4d452be8b6c0bf38525292a59e156cc60a7b22","107015.284330725","No"
"0xbf67ace2515540c2cc81e74c4eb15691dd8d7d5b","41033.3251410863","No"
"0xbf782bce8e70fab2c32c57c0e3eccda46a9ca134","5.139384162E-09","No"
"0xbf8b80ca7d761b2e63f39a6751c2b498b7f09549","12356.936","No"
"0xbfbba1515bb284cf4cccd91ea6a4b1c3b35ad821","4321.0144951773","No"
"0xc005e7f7530abe03680f852a7f0db09da130e160","8091.11886780478","No"
"0xc007d82096a2453ba04af02a19e031adabfad626","7333.71825832875","No"
"0xc016e3cf2a2bf4fa89bb037af9d7f2299a42923f","23281.6275967143","No"
"0xc0972908a7f4f35a1674caaef28c5040549594f7","5333507.31409","No"
"0xc0c74bd1e886244eb36032274e399a1ddba62904","171043.057239991","No"
"0xc139c0769e4d3e877a3512f8ed0147dca1b91abf","62103.4261522641","No"
"0xc13ca46a9c895b6afd8a44a1a8238a242dbd176d","476.006159188223","No"
"0xc149c7b7022c0af27e84cf76b35c6547d512f4ab","11818.733","No"
"0xc160c66458690499b28990cf4ee902fbdfd0ff09","23599.291","No"
"0xc1a3f958693bdfc732fa7451f200a98c4bcdbc68","2000","No"
"0xc1b1c1e833bfdaab0de39aefbf516f99fb34eac2","1478759.56512","No"
"0xc23146c8d95bb173c3a63945487ea1a718cc4d0f","8248.19650109","No"
"0xc2d5d871632fe18b26ac9245efb4a7d61b271225","5044.319","No"
"0xc2ed786db7968f07ed96a3d3de21057203f21513","123487.79","No"
"0xc321c4ea67a6b9760230292177fc4ca35d426b36","41033.8192085512","No"
"0xc329be107cad3f172820f158e8d96b46fecfdfe2","13000","No"
"0xc35a09f4ee109a4d341c8486394e6bb031b09a45","1349710.642","No"
"0xc3f5b0fbb24c62d0ba6ae456025a7685f2f9d7ce","43631.4544558436","No"
"0xc409821f6c72563590e4cd7f76a820e37a03b836","378753.737585","No"
"0xc419f599659e6e600b7c1beef54b07ba290813b8","15787.9817109377","No"
"0xc456b482a26f9c7a5b073ead9d4d9f19b06ba819","34999.9999999989","No"
"0xc45aaca1ba883b5459f242a3290acc2586a4bbe8","7997.67052192386","No"
"0xc4b10c5cf51752533b1fa609cf0682cab4ef75cf","57218.5313959764","No"
"0xc4bb0b3f6ea1b454955587448945c0b0cd915fff","4.868194498E-09","No"
"0xc604b0140bb4e5e55d1ddb41a77db6a2d210eef6","7613.05","No"
"0xc614512b63a31217dc1083a3ac7bea2543e64d62","29526.6964535628","No"
"0xc625ab000fe195f31c306cce37adfb57fbd295d8","44808","No"
"0xc6644896a2a94cd53a229e2d8a0116434d4fee90","57705.7294469645","No"
"0xc708bcd450fdecc898736a61936130a065af8ed5","8723.91098128609","No"
"0xc70d54f2453803eef0fffd06b21469fd22c43ad9","259183.859962","No"
"0xc70d758bbc91988a678b187c30dd4869277efbac","1717.1413949912","No"
"0xc728ec2f2fa380cc0c70d7c2aac7370b0a2da617","5.57202849E-10","No"
"0xc756e8714e6ba6f7348962e5c946bf779c4edd94","80000","No"
"0xc79156c36abec72e66392cab2b3897edc9f1b487","11121.7111524926","No"
"0xc7f5c6b526496184dc372aaad34f60b668d656f3","5.779331828E-09","No"
"0xc80c0c80f815db5392a6f5a0034a4e3f0fe29f99","2485.69461870839","No"
"0xc8ad3f61475c6b112bfbf492eaebbbe8399e38cf","4762","No"
"0xc8d580c86bbc3a2dd4e6898bb4ff428a2c70f2d2","3711489.15174","No"
"0xc8f7cc48b13c30374362783690cc499f5a80f761","25139.936","No"
"0xc9214cc7739d2a9e528ad0663a4b9affd137d29b","17468.826","No"
"0xc9bcc001a8cd697957beb62a170fc16a72e67d23","8622.11500132901","No"
"0xca10f9a10e0994854ffd6712ce8bed70892ef000","45403.325710964","No"
"0xca11d10ceb098f597a0cab28117fc3465991a63c","4185.96258266331","No"
"0xca386a9a28bca3fcdf19a1e0f9152ff4938a7b84","376118.980853246","No"
"0xca3898fd0ec67164baa535807be3cc96a8afef2b","201083","No"
"0xcac5ace51139e728b92743da079258f49a10ffa3","47752.4635084376","No"
"0xcb11bd53ce375374c35e07e20d26951b94cdc72f","70443","No"
"0xcb30c79d546801a423d6497be2ad4f50f8bf1d81","20672.0784115576","No"
"0xcb3451a1b601270bc86696f4bd242ab778370f5a","187459","No"
"0xcb3772ba87f46703f40103dfffeaab592a963e92","60000.548","No"
"0xcb45062b981ef302b7845a74b49bfba95c548294","3547.90730026293","No"
"0xcb8f20d4341b4054d02e6b40f905c7efecd28aa4","7711.02863753738","No"
"0xcba3a81213fec825a8168fcb9aa59436227fd36d","2026.127","No"
"0xcbca6443a9d549d739314fbdb341afec1863fe7b","10000","No"
"0xcbcfefe16a049b18b4d22176d64d971233734366","10000","No"
"0xcc0308646c2a697f3f20fcdd4109e60ff555a424","0.123140771611578","No"
"0xcc360d068549960394baa649fb5cc114ed273a03","17989.0037705131","No"
"0xcc5c09b9a20cb57485288f74809ef16b3b29e2da","14979.2369010922","No"
"0xcc6fb5c8cebf4fe016efde7606f7a78fc3dbfe69","500230","No"
"0xcca6e9625c77b846afad1d06492d81e0818c4aef","100","No"
"0xccd3134eddc6bce058c452d24a4011cd8c094ca9","14103.9613922212","No"
"0xcce8d59affdd93be338fc77fa0a298c2cb65da59","2775755.86852736","No"
"0xcd464ef9bc58b581a36902736cfd9db366ef9ca6","3.16681517E-10","No"
"0xcd632bb373e0fea4acd225a5432dd47e56949701","3658121.81269","No"
"0xcd635e7fae3e44dea30a1268786d4ed169f6c309","11131.2678062503","No"
"0xcdff68f58470e19c1d77643e864a9d4437754db4","26282.53002677","No"
"0xce0a90893d41f4e7a634af6f115ff9c4ad24550a","99046.883","No"
"0xce228ba8e6c0e164bc22f5b96756810111744e21","16128.726093991","No"
"0xce4571484e3267f69c256120f017def92c5fa97e","124007.297994179","No"
"0xcea46c32a2c8b4612ab53dee4e66d71a2da86171","1000","No"
"0xcf0e14481961bca1b06695096dd04f1048e97e0b","3.50384193E-10","No"
"0xcf3132118216396c0e1e887e27b5e5a7ae924e03","9729.99884314139","No"
"0xcf3c4aae1a22391383f0d53715f4c5f90b931f6b","38005.5450043902","No"
"0xcf41cd6c06bb1e78e6d0dec4c696b9a483d41561","60000.0004403447","No"
"0xcfec6f9fa7aa099adabb0bcfb5e4c701795bf5e2","1500","No"
"0xd03d79f0f72442479bbdefccda3e04b6be047e13","10000.900028273","No"
"0xd041f2dc17323b6e6ab32e3887dc36b94e4c03fc","17.9654439655169","No"
"0xd0570ba7327f901bb9a7714b14321f38650fdf45","45140.2103418784","No"
"0xd060b4364e4b3054d785814403d1556d29598f6f","9.878291687E-09","No"
"0xd064e8e7bf3b51a159449861cd6c7e37564222d0","27829.3810097265","No"
"0xd0beb26f68ac7fc597cf3a5af75f65135c7d5a22","1852053.52803","No"
"0xd0da7989bafcfee74aeb400832e1ac45821eb197","15000","No"
"0xd0f43d1e12fa9cd6150df6908e042b8a46256a33","4058.71594711507","No"
"0xd119f9826dbc8833dd3ced52ea7ee506eb3cd250","5384.04125346481","No"
"0xd16ca450ce20aa9982260e1ca42e56f382af038b","1823.93399505197","No"
"0xd1fd6b7d78361d24875e11bb97ba282fb52c5003","201118.131742399","No"
"0xd1fe8d9a03f2d77c32ee6c03ce56d8b713862555","9.561923251E-09","No"
"0xd28e796a19e04fb7caa5a83e536a5fc462df7893","2720.06856281421","No"
"0xd298ee56c81782005321e34a65394cf5785a4f9a","625613.20819469","No"
"0xd2d3ceac9dc87c710c5cbbe64e68e72d055a4215","1000","No"
"0xd2faabbfe8960a90c8ddcec29e73dc2760a753f8","9.473684209E-09","No"
"0xd2ff41c88f421096d15f3f24d0d78f48945e372f","5428.30418842402","No"
"0xd31c340aa58c095dceeaae54b541743cb5aca5ee","23079.26548964","No"
"0xd342a430791e2da14e0d40124e72f4f0b432e00a","5918.9196098543","No"
"0xd39ad99ee87424585c1518557ce117f0258969c3","6693.30377434989","No"
"0xd3a1ca4f2bf8a91811b257426b1f1484592015ae","21508.65452768","No"
"0xd3aaf302714dd9fd63a1ef358709b13651f3dc8c","340201.416926386","No"
"0xd3f93198820a323e898cf764d466dfebd851f2f6","44676","No"
"0xd3fe1c080c977d48fc26414582553ccbc71598e9","2","No"
"0xd400ca79b07f5729a19ed51e2e31805ef7e1349a","67282.46","No"
"0xd550ac5225eddc5ae90730bc2ef7d334cd9bd4b4","4512.45073715784","No"
"0xd5789f2c445334388ddfced4ab2fb9bda936677b","3000","No"
"0xd58cd1600e559f26b12d0f7ac1913c015b4c73d8","562404.35679325","No"
"0xd5d21b9232ab1e6c7622bf2375f0365bc3a6b10d","5.134627943E-09","No"
"0xd5fdae1d1fc3753ff7ec02d0aa0bc5afde699ce2","20200.258","No"
"0xd60391f4a658183bc53dd115c4b6abf1b6cbb4e7","15750","No"
"0xd6156a4558aa66bf34ab8292e3c25f3b93d5e50f","225185.63897215","No"
"0xd6798ca73bfd788c64731d45cbe6714b824ab2f4","4.844516169E-09","No"
"0xd6a6d2ff139d0cbb4d19885736fac95bac6bfb50","253941.901091466","No"
"0xd6c498e9b02c153117ee61237fb95f9da442e7b2","5550.36955587761","No"
"0xd743c685e5f426423f537ce478240038b990cc23","23561","No"
"0xd7484212164500da944387a7a3343c17cd761211","331106.599454547","No"
"0xd762415769d3469ff400fe98ed027b6fc41c3916","2785186","No"
"0xd793fa5a4782f244121a60c1f3b946a72dae1b36","3531.18078442662","No"
"0xd7a845ad2620d01a49f1bdab6dc3f8b03d7eabf5","14706.462","No"
"0xd7ffc5d496cb0c819db5c68f310bcc8915f68c9a","2390.2944553955","No"
"0xd82ca7d209d099b2ed8fca7efb15d7d8a1542597","2162.07214655904","No"
"0xd83f3cf22b608d29d5738cf249f5ab5fab4d6845","16372.936","No"
"0xd84049cc831582236d8b2184c25b1ceea51d06fa","2432289.00574","No"
"0xd84b0dd29ee4555fc5648052dd7b93b4271630b9","101978.752","No"
"0xd868843b76fa28f47b0c82e275d4d0cd8708cd2f","7812.8108995503","No"
"0xd8cf547b2cb2299617c25dd253adab2f68fc0ab3","85785.880062263","No"
"0xd995f2deb70f894d0fff5aa76dadfa837aa621ea","294570","No"
"0xd9f7be75de6dda528fecd245f3a7216b5de187ad","104099.762160215","No"
"0xda13d4e40d9c976c8a11016a8324e4a2258877e3","17339.5355279985","No"
"0xda1b7458ca65f16997f2e6be5ae5d448c5471588","3465.908","No"
"0xda42b928d2bcd5e80e02b48701cb5b87e8f19ae9","1853.64","No"
"0xda4a7d84c7a7397eb6fe8aed625a7daac7e47e1b","0.000320038624054914","No"
"0xdaa0307db3a40e1a477387bf26b7ebefd2bc9129","705943.430781655","No"
"0xdacb6d4c7c827ffb99342f0352f84281e6c82108","0.612963246106635","No"
"0xdad2b83bf1904782d9175bee743395e676feb690","1000","No"
"0xdb0b05f1df0d55e404c0d1fa444fdcf44bd2031b","11355","No"
"0xdb43e78e19a2961a54a9296f6cf8f94846f36068","414474.595102563","No"
"0xdbb210242ef359bb11989caff86688a743b98803","10285.957009192","No"
"0xdbb7b17ef3389b0bc1f36bd052c97862b78fb03e","15025.1234857297","No"
"0xdbf5f35f68fcfa65ee76643ceca2a5ae409b8689","2311.11526514483","No"
"0xdbf799db53d90802581a062d5837c7942cbedf99","1439725.46062633","No"
"0xdc7aab21da4b0150342d06366295afbddeecbe20","102401.151837092","No"
"0xdcf646e6a54dbd980ad57220c78e8b22a6732414","7965.90369027102","No"
"0xdd3b8f360732b3346542e130476337301955554b","5120.242","No"
"0xdd54952476b0fd9207e3073cab06084ebb17b1a2","11483.5376702298","No"
"0xddcb9a50d13dae5f4490bf74caa58ae3307119ac","310920.327742","No"
"0xddcd409cdbded3418c42d3e042592ff0a79206ab","210241.87392857","No"
"0xddd96d84e9f9fee0b0bdce3705a4044d92832b94","2","No"
"0xddee45a2ecae02e4a0bb53fc00afa3e4118c8f4c","1932.002","No"
"0xde3f28259b8f4a3320b2a06e0c04fb1dc1561cf4","90000","No"
"0xde62acbccfcba0fc39aab961920fc0aa692adda5","9242.28531380111","No"
"0xde6deacb5fae8a94204498efeaaa564f9dfc938e","20000","No"
"0xde7a453f42a204dfa784ddc16eb4d0b78f2084c5","207475.331650037","No"
"0xde7f6e3a69d8a67b84157fe894bfa331ef0e126e","0.36","No"
"0xde95c22b5bbb3bb4988d508ddeb8aee14b37b381","144855","No"
"0xde98e037017f9d2e63f933611f9987cf005e6bc8","20912.274","No"
"0xdebdcb2e8683861e8f26e36a0fd32a8141524c47","806558.1177","No"
"0xdef8385f977d817f85db6f666f661c509bbd1c6f","0.363785328283509","No"
"0xdf85155343fda3d2f7ed769e73463ca5c9bdc057","3623129.93837","No"
"0xdfc38c6f9a9c8d7a29ba2b6c61acd5512395682b","128084.795","No"
"0xdff039a95df91130940159c6bcd03361759e82f5","400000","No"
"0xe02c6c870949a12f74541a225704494920b4c4d7","40603.1386799289","No"
"0xe0344cc1445058c7d1d1daf81bb94c5164c6e705","694766.42231","No"
"0xe0a92e86f3ab7cddca8b155485cad53621b31004","4.10301348E-09","No"
"0xe0e2c4c95149eb6a84b3426c8676f7cf7fa37a35","238799.338263","No"
"0xe1204d5acfae48112e41229edd745278433c2b96","1625","No"
"0xe133be2ba26f8124af9e61d040a589bf357c9366","1284.46815617032","No"
"0xe1441c61bfa1f10d9ce1dc453b1ec7d57516d349","15878.5194631731","No"
"0xe19cb2a5175a998a11fceef544addc796f980b3e","1.318111063E-09","No"
"0xe1e67383ccda6a0e948c1e40dd31b6b32a4b126c","18789.3971949647","No"
"0xe1f71f261266eedde51b846b1ec1cd648e611eac","25413.2483269573","No"
"0xe220193ae9513c71481261a5720a6761c1f8bd22","5474.09612742742","No"
"0xe23b85ea091f99bbb267b930bb27e239269941f0","116228.747356853","No"
"0xe25b7a42a6c75c05bcff9fdfdf2a7b97a0338ec1","362033.204051323","No"
"0xe267d02ce77af8607b7b4ff43aa70653a45a91f2","18037.669","No"
"0xe2ab5fa7fccba28a92f16ec72ffddc285079eb9b","19.7274897539516","No"
"0xe2dcb5e723289fbd9ca1183527c681d0f99aaa93","17889.9631775952","No"
"0xe40b27d01c15928e4c70c565c612122b15999e85","26916.5153350705","No"
"0xe4c60cec2bae3cb69baf74a632ba61ff826011ae","6326.892","No"
"0xe4cb07c7ffe9faa8b8759ec0c03812bd4d3623f2","89011","No"
"0xe4cf791a7a42a5b9bf8edc5a8c98fe8733af2dea","855.855","No"
"0xe54e33a39643d5ce792da297ff7ed612397820a9","0.721862595428005","No"
"0xe5c405c5578d84c5231d3a9a29ef4374423fa0c2","8028400.6712492","No"
"0xe69efb645616cc108c9586e4a895daac4f700885","8748.09171262491","No"
"0xe6c08004dd3f30e937dde3da62cc5db19670b63d","5999.91667195471","No"
"0xe6c243b728c8ef0e939ebd6e7dc882ca2bd70357","769.824","No"
"0xe6d708037ce28ebc17faf6d9a79ca0a6f1ed1b2a","6554.05448645371","No"
"0xe714fbce6d2b983895b07368cf289801bed3a36b","350630","No"
"0xe7243677d604a72a6e35c8bb8ee1b14a2c0de786","54182.7717979659","No"
"0xe739fd83eb9962f040938c0bb1d0b78ef71b1304","20989.8621669393","No"
"0xe75d8f44fea7e19cb578b4bb2f6b073896a763b4","22037.8422181862","No"
"0xe78c1459404c15fad0c24c1176d8813942e7f2ed","3406.76536119346","No"
"0xe7a463e2c1661700b0d303c3f7784e39dd9bb23c","12331.4766885757","No"
"0xe7ae04fa0b134a2f863c5475c2776102ab9ef476","32959.9686423155","No"
"0xe7b8f9d932022eec493590fb1cdf384afd9dab51","13859.1401319025","No"
"0xe863b69a725c603f0062c0c9c704b4fb691e0823","14709.6792024172","No"
"0xe86ed470cb7e4117a4da46ebd0fb64a4525f1c84","11927.6358635616","No"
"0xe8859aa8e2ad8708cc92b6d429eeab990262d8b7","1000","No"
"0xe8d8f49ac891f12b827063412b2e82f79f68f78c","73400.7751623689","No"
"0xe901d25b225bdaecf5aeacb80ec135c55e7b16ae","11375.3219566019","No"
"0xe98810c045b720d0e6b56c378e51235de41f36e1","10000","No"
"0xe9dde5ddc326d38de89d1bd70424b3ebf59a5db8","7500","No"
"0xea246f820fa624b0658a2010631f7b27653c50e4","81689","No"
"0xea74e048ccecd7ade98491fe9683a686bee73aec","13570.4196717363","No"
"0xeaaadc16d54d5a9d584478ec420166324323d652","9098.16399801249","No"
"0xeaac15adceab15f338f0c3697a269928cef2a4b7","6426.67782129575","No"
"0xeab3349b0dc02d76dabbcb61144a7c4331b16765","1640","No"
"0xeaf2bd5e268fe9c34cbc028baf8c3d3b89b8db76","152859","No"
"0xeafdaae9156549b9112eec8ed2d2906d121f70fa","3747.198","No"
"0xeb4238ce406e52454edbf61fe5da529d63a7ce07","212567.204883878","No"
"0xeb751c9d44cf3aad37bef22beed736631df8853e","29754.3321992403","No"
"0xeba93e24ca439d59a756d172b9769b6187565b05","50000","No"
"0xebbade41eb8651675554c20060d7ad1166030929","4000","No"
"0xebc8ebc972e5e24206f6c055485cd8d53d620750","30000","No"
"0xebe09b68af4c5b4793d83ca7320bd5fa74cec749","0.612232703765791","No"
"0xebf49fdf1421627958c10f0450224b81cf224043","1000","No"
"0xec5f1a1d7ea81e5f08b7ae00e6f56f161f6ab869","20000.071","No"
"0xec6c4afc6f70d2b0737a2bf87cff36d583afb39d","0.007","No"
"0xec79575717a446608c7395ba7140083d03cdee5c","1000.66457327159","No"
"0xec948d9eef6f1dac95b590048d0ed8d99e5fdda6","1E-18","No"
"0xece23a65d172653541c5c7d40d59fcf07236ebf2","2945.415","No"
"0xed1a48ced6b39b3ecd82ea42c4a28fbaa0341c6c","2240408.96","No"
"0xed25b12116062500098f361597d72f3bb27cca61","14000","No"
"0xed5a3c630acc969f9cd5f2b7297b0b49e4b2468b","20000","No"
"0xed5f3e15236521126d3a5794d9b5f2ad7979c4b9","15110","No"
"0xeddf15fd842ae0eadc797be05d073a2d9dc60e9b","2263.04832713755","No"
"0xee0232e292ee48203656e18c8b1d9e7fe5ede212","400","No"
"0xee293e5123146994edd5a4e39090a15ceda64d90","19303.7257191545","No"
"0xee2dd2edfc8a9027f11f59d1e6a0ad142605edfa","2363.936","No"
"0xee7b04f90a70cdf68bf665b4f6a38120104654ff","12119.7136711717","No"
"0xee84767bf0089b1b86b6221cf90420af4af8e2b0","35745.6737770629","No"
"0xee947d64256223cdce75dcdb45e171086aed65a3","5","No"
"0xeecbf57a0d9bf2a7e7dcca97ae3254b3a1268775","378698.742482231","No"
"0xeed7541d628b977b204f36b3366d5cb089bfdc36","37881.285","No"
"0xeee24f44bb6ed744a3c2226736f04dd3a9fde85e","8.316926183E-09","No"
"0xeef8def4503e737c5723fa13f3c9cd02d81770ed","8.94778585149E-07","No"
"0xef536203db4581498bd1fc9cd9f324dcdbf1dc36","15389.2984021633","No"
"0xef6ba13959c565fccd868e17d82d945a487b5530","8","No"
"0xefd0199657b444856e3259ed8e3c39ee43cf51dc","57932.5466871969","No"
"0xf02829a6b8d5cdbd4ef5e7fe7cc042eb097e6768","29948.64804633","No"
"0xf03043168af94aba6ab048602925b8a6fe20d656","12860.9","No"
"0xf0864779be91e08aae99c4288a69006b1620590b","31753.0199814125","No"
"0xf0916b06332edbbff3309df8b3b954d335f7c48f","65360.42","No"
"0xf0a6662bdcdfcf0804fd86cf7fc284433e362d9e","6622.53532257707","No"
"0xf0c3758515756df76364e65efb61654ac4950062","996.569823508962","No"
"0xf0eaf76abf1c98816519dd7db7e9105269d0d2f0","3027.43344530022","No"
"0xf10d1406aead0101649a0b95d1891b92d05c75bb","33407.37911085","No"
"0xf136f360d00a2dd10034f7001adb7ee2315c50c9","75833.7546822572","No"
"0xf14645d19e1f68ea934333cb6323e6db453d8c15","18421.605","No"
"0xf19d85215dd2968bc4540583a2ec99786a1ec648","2000","No"
"0xf1eda01a485e72d809a8803f980465cf6b58d143","25296.765368225","No"
"0xf20c9b765c48a7481af40319779aeecef9ee456f","1885","No"
"0xf2d7209c611f688396b0f2b73eded02422ae99b0","3638.809","No"
"0xf2daf67eacaf10784001ccd9cb26587ff820f243","30938.598","No"
"0xf3413a8c199da14b356b35b7e50ba05e6453c2c1","17731.5656529845","No"
"0xf373b4a25fc2ccf1a54d7ce6b8326d5d15d99080","1","No"
"0xf3fd4a6b4a31780bef9d401c1eeddcce3cde3801","1199.34048972731","No"
"0xf45bc3747059212312e2bed6bede2ea8d97a56c8","8826","No"
"0xf45ff21fd96e6fbe8699f8780e83dab4d1660c5b","0.603950303024709","No"
"0xf47e38e8824af6592ea5ebffa3e3068c9ac849ef","4439.5765515325","No"
"0xf493b07aad1237393bc248205af173c82fd7ada6","2.157145519E-09","No"
"0xf4a5a556bd63c0877345eed77c73c2791d0ecac9","7953750.92404492","No"
"0xf4d893c3451ef5eb7903e73e53be349acaec646a","11939.9446232967","No"
"0xf5d57b5e15f52188559860f433ba6d70856ee74d","92388.961","No"
"0xf5f07cd696ae72fab810a5e52afa0b83b2358485","2868.07485664132","No"
"0xf6210eb2227060d873bea260298e6f2cf10a8316","1034.93010634031","No"
"0xf63eb42f4797879ce835249948c163cf8c570e18","37655.476","No"
"0xf6b5d14f8ed73e692361508c77d53b287ef5bf9e","105.320238783807","No"
"0xf6fec7043e07aac17984f7451438433b51ffb96c","20880.42","No"
"0xf7040f80995d99398c400beb9ca41caaab8e32be","7441","No"
"0xf71afe21cd32959113fc47ae2ef886b43a9413d5","6932894.53904573","No"
"0xf7433f03b8f9b6b82a8f880205b7b5d69fcc1dda","49161.7308954742","No"
"0xf778405fc2a294c17f5985d464803e30a42bf96f","16454.8896045289","No"
"0xf7793d27a1b76cdf14db7c83e82c772cf7c92910","525000","No"
"0xf77c3cccfc5f82c0c3a105f8dcd19c0ba60ce355","9.972359108E-09","No"
"0xf7bf7ee7a274ac7e0325f2ed574c8a565375ac5f","21633.0131556446","No"
"0xf84750ae307d6692daf2c9819dc8b2016f2889a3","6158.32177969185","No"
"0xf857e3b0bac9f03f52844f7d7b02d64df224dfcd","1191.40966910064","No"
"0xf89e8e1de29b84fc4242641050dd8d8494ccd635","1928.2752168111","No"
"0xf8e3db871cbc7cbf9f1d515fba9477c0f8719837","2762.11907097357","No"
"0xf8e5ffb8593027f396e03399e073f0922c19d2b2","3793.37170476461","No"
"0xf90361e8a28008d663d7a3185afb3a74637b97d9","2847473","No"
"0xf9456e9842bccc6dc0d3b2dde5500024484cd4d3","20937","No"
"0xf9799a81627a3ce102a6aaad7cf1c34c2c1e96b8","32371","No"
"0xf9e581fbe05c9ac4bd1582da2774e6ee83f65e0e","163669","No"
"0xf9e7fdf493f9d0e7240e92aeed6bffaac4a0d883","32438.5972760405","No"
"0xf9f4b5092482518644966d7fd0ca82012e32ee8d","50011.037700173","No"
"0xfa56fb385cf37ea16a3bc36871ab9a2d9887dc4b","3331.12138124681","No"
"0xfabbdad46e3c97b44385a429b226a92120b21716","6621.936","No"
"0xfb1ce46075409bd826f021db3bf071d3e1dd3840","54386.585","No"
"0xfbdb338616788341c9c979dc9f02e284bc17e2e0","2366.05337703354","No"
"0xfc4cd6d7d7296f11a38f147982d15341ef94ab56","3310.96573885","No"
"0xfc7f623bc12dbeb984a9d618e9b07693ff35283f","0.863694009307617","No"
"0xfc91cd2edc8615128bfaa48d2d56974fa8ccfa38","2500","No"
"0xfd079fe9c814ac71267fa801eae9d54cea1e73b5","13143.9138530072","No"
"0xfd15b2cb586ce08bfb11a92cc166ffcef656e117","40615.476","No"
"0xfd20034b774779c2d3656590d3566db542c725de","5.073523958E-09","No"
"0xfde05daac511c4034d7dcee333b44943914fd101","12327.5817509013","No"
"0xfe0f5e25e0132e4c629e5e4006bbcb47136121f4","100372.922259642","No"
"0xfe42f815a772a257917a11eaf6b86adfd9f9543c","23709.6","No"
"0xfebb27451296f94e8b2e26ad0fef098dafb760c0","1.370492603E-09","No"
"0xfec646017105fa2a4ffdc773e9c539eda5af724a","50000","No"
"0xfecd16177770137f7885141c4d95e07533999d8d","1817.90710754518","No"
"0xfeedfe9c2acb949ef80b0fa714e282d66bd2f955","1111","No"
"0xfef0399c1bd02224543b55a893fa1f837c84156a","1601.2151515421","No"
"0xff93bbb096c3e38e225874d630ac15f56fa56b55","241643.629566259","No"
"0xffc0b6a867752a958ac0d9bd38a27d8f1fec7bd8","4.98663716E-09","No"
"0xffd1d062f50327956b3dd63dad25f30c67dcd703","0.000477627698741918","No"
"0xffd37cc00c9bc6f8d88b075c8456a7e43377f8ed","59290.73","No"
"0xffd739b4f78ddc7fc3dc6e1120b23f1834acc570","30750.0560642569","No"
"0xffda76ca863bb321509ba38f6bb8c891a68a1480","6679.23795327761","No"
"0xffedf140fe4fe7bce79ee1b690b2aa75f94e69a4","128753.112469551","No"
