#,Your Ethereum Wallet Address,Start Date (UTC),Submit Date (UTC),Network ID
kf5neq79br8tb7xkf5t0nfz1k3426g7z,0xd58cd1600e559f26b12d0f7ac1913c015b4c73d8,2020-12-01 16:25:30,2020-12-01 16:26:01,d64f006847
v8e6tiaekiitgguttv8e10lqcw5xt33a,0x7e510E759FD33d9529365fEe11104B03A191E306,2020-12-01 16:21:10,2020-12-01 16:21:17,a36750a26e
otqcmasydputnpdd3qotqcmas85lkkct,0x7522b84367CFb1038BFdb5d630d871F35A3fe0d0,2020-12-01 12:55:39,2020-12-01 12:56:16,4c89914e43
u8jxbl1nx7j5z79jiqqzu8jxbl1f0pz3,0xA07f040c4c4Af0D3769fDA1660a735aA42352C3F,2020-12-01 06:54:40,2020-12-01 06:54:50,1defd5738a
lu4uhsivngssbqsfwzlu4uo1h1qwp6yl,0x0424aa7e9b9b0ec7587e4c96012fcbb562fa45299b9137119a65bcc8456a2ace5ec89321eb0b14ff5150fe4b0b245bb770236b16777cc9520c543b874253c9e02e,2020-12-01 02:12:31,2020-12-01 02:14:11,5bb503e727
0y0dc86w92yearyifwa0y0dc6eyf2r9o,0xDebDCb2E8683861e8F26E36A0fd32a8141524c47,2020-12-01 01:32:16,2020-12-01 01:32:19,0b374826cb
elfox02jink3pself7aiufi467zjuytq,0x9F165Ae9abD3C8C729F27c6c363b41dfeDacCC0E,2020-12-01 00:56:33,2020-12-01 00:56:37,ef0c2aa2b6
wurr6afoajvs1zi6aody1wurr6ppe8ig,0x3666BfCb401C09e782defc9d3523D809A7Ef02cE,2020-11-30 23:22:51,2020-11-30 23:24:46,10a08e5f9b
rjrmptjpzyrbkzrgg81nrjrmpej2pdon,0x24E7621abe44adf27433501BEdc313368054aa88,2020-11-30 23:00:50,2020-11-30 23:00:54,fe6f02d9ae
qy025upkb7asnu8stsrqy025uxcqw6ed,0x8BA79f94eA0B4F474B5dB04b59F59D0150109962,2020-11-30 23:00:14,2020-11-30 23:00:18,fe6f02d9ae
lepbrsphp3lepy9qzvjh0kud0juo2yw2,0x19437EFe9cFC9656103A7870F9B4918De23d11Bd,2020-11-30 22:58:54,2020-11-30 22:58:58,fe6f02d9ae
fgvezl2knwq1kejok1psfgvezx0pp6uf,0x3E300E8367A8c8fb4Bd0e3C339BE601D762C01E9,2020-11-30 22:58:03,2020-11-30 22:58:08,fe6f02d9ae
zp62stbqg2j38c6anzp62stlhtv9fam3,0xd84049cC831582236D8b2184C25B1CEea51D06Fa,2020-11-30 22:57:37,2020-11-30 22:57:42,fe6f02d9ae
swxo1cxg7btzjgixswxo174dum04cjxl,0xd84049cC831582236D8b2184C25B1CEea51D06Fa,2020-11-30 22:56:46,2020-11-30 22:56:51,fe6f02d9ae
uxtte8asvm0zd35862keeuxttep58jr4,0x148065E69F28FBea43F8E2794626eA5dfe317a7F,2020-11-30 22:55:44,2020-11-30 22:55:58,fe6f02d9ae
mb4cnl7s1svv2swrmgr9k0oqmb4cnl7x,0x0a634Db06795211C18d2e89cf814BFC3f38Da95A,2020-11-30 22:15:11,2020-11-30 22:15:15,73aab08c8d
5gqzr7lglo93gashnvskic5gqzr7lgl3,0x3BAf5595AbB35aF981b43169bBA95F0F4B40A321,2020-11-30 19:06:53,2020-11-30 19:07:04,5f8112ecf5
7d83fn5nuko84nct8t7d83f2b4fr1bcb,0x3762bF62fF546460E1D6D1Eae73D5Ce0A2774473,2020-11-30 17:07:00,2020-11-30 17:07:05,e481666dd4
10iijn9zekio8dydn10iijn4goyue4ha,0x133D93566f9699B3Af46fE150daA8a67a9563ED6,2020-11-30 16:41:49,2020-11-30 16:42:00,21556367cb
ns4zaawor78d75fmuns4zaaumzkcbuuk,0xAb07509E324DA4523Dc8A495A7D313911fe956F7,2020-11-30 16:31:43,2020-11-30 16:31:48,8108f10cae
66536l4q2utnehwmk66537d0y4r1ro2h,0x93e4C0601d10C8578E18E57950cdF85097387878,2020-11-30 14:05:55,2020-11-30 14:06:34,92045389da
zk47znqpo6zq8j4ajmuyzgkwbzk47znq,0x0A806011a5dc36Cdc482BfF4b20699A348e7f47d,2020-11-30 13:18:39,2020-11-30 13:18:56,a876562141
0uyxrexihr6xg0et0x20uyxrutb3ycqv,0xdD5007B2Fa5abFb674ecC64A547cdAA2E607AC52,2020-11-30 11:52:06,2020-11-30 11:52:32,2595355df2
u2qvgwqvg53fkb9o2io74kyc8gu2qvgw,0x322BdE6eA87261C49d222fC234C79D9F51E25187,2020-11-30 10:20:53,2020-11-30 10:21:00,47fa16f85f
2qoqefmtc6cv4ydro5ps2qoqefq1yyts,0xAd5f69752f940406c75C9Cdd70071e79d12a383c,2020-11-30 10:18:15,2020-11-30 10:18:21,47fa16f85f
rlrzt1p0paa2gqrlrznfsg9hrpjuuu6k,0x9DaE5fABB66d425884481e19382F4616f2478Ff4,2020-11-30 09:59:34,2020-11-30 10:00:11,eefe4afb26
5oes0y5dlynq98esgvb5oes0yqzvi5ph,0x61b5a42Ba6a2D7BC2420dF4E4A9ada6416d3a2Ad,2020-11-30 09:51:18,2020-11-30 09:51:25,4798e0329b
g8w38ibwjk2tgfw3kfey5pg8w38ibkkv,0x61b5a42Ba6a2D7BC2420dF4E4A9ada6416d3a2Ad,2020-11-30 09:50:44,2020-11-30 09:50:55,4798e0329b
0miqa7tbynqaj16u4t0miqaonbmg0ext,0xA1dC29270c60dd37D64643d20151b7Ee1806B776,2020-11-30 09:29:32,2020-11-30 09:31:08,5fe4095527
fjjim6tf5z3mdrt58efjjim6thsdf3dw,0xA1dC29270c60dd37D64643d20151b7Ee1806B776,2020-11-30 09:27:50,2020-11-30 09:28:45,5fe4095527
v85x00u27iklt5fzcvlbv85x003uwmp8,0x4AeeB439Ad821A8e8f9C235CE7E492bC544Bc017,2020-11-30 08:23:05,2020-11-30 08:23:20,7d33b6555f
r8j7dg7njv9my34fr8j7mbe6d5ipb227,0x7ddc43b42e932b96168bcbb489f14b8c9d7b493b,2020-11-30 08:14:35,2020-11-30 08:15:13,741a0422e3
3fhp65lryufl7wgq7z3fhp67jp1212z5,0x84d3B42fD8Ca64528ACCC94C0Df328DA211D02dE,2020-11-30 07:25:12,2020-11-30 07:25:20,f0d1ca2c43
b8wytyhs2bc7fwb49tb8wy5qiopk4ijy,0x517d5f322B04feEb094367Bbc83Dc191bd575B95,2020-11-30 05:09:23,2020-11-30 05:09:28,f1ddc9d2fa
o9sgqnvxxxv2w4s4vd2teo9sgcms7pdg,0x9F165Ae9abD3C8C729F27c6c363b41dfeDacCC0E,2020-11-30 04:18:22,2020-11-30 04:18:41,ef0c2aa2b6
jxw90fs0t6gwvpqvjxw90fs0mqgskft2,0x93e4C0601d10C8578E18E57950cdF85097387878,2020-11-30 03:24:16,2020-11-30 03:24:23,92045389da
92pdkhkn8mi4tq7hr092pdkhkqhsg6rt,0x93e4C0601d10C8578E18E57950cdF85097387878,2020-11-30 03:19:43,2020-11-30 03:19:53,92045389da
3r3ifz42uvqb6lknd91sj3r3ifzyke7g,0xA86AFa66eda2BEFdB3E7876fBdE781B8f8cD1Df8,2020-11-30 03:04:57,2020-11-30 03:05:05,a9b877468b
vp0izhne5a6kneasehrxwvp0izhtmd5v,0x0A806011a5dc36Cdc482BfF4b20699A348e7f47d,2020-11-30 02:24:26,2020-11-30 02:24:41,a876562141
4x7017yvk2i3p8ps7n5k4x7017cx4a02,0xd298ee56C81782005321E34a65394Cf5785a4f9A,2020-11-30 02:06:10,2020-11-30 02:06:25,9fdaafefa9
5qt9g35b7tknrmer425qt9hfosj7tsql,0xBe51C2398D110274c36849bf83a32c0Ed7F55FD3,2020-11-30 00:53:38,2020-11-30 00:53:46,9b43f6545c
469vm9jnpgyf1amt5469vm9qhqoq9awo,0xbC2456E3ed4Ab535b56Ba7dDA71180Ee556Fe346,2020-11-30 00:49:33,2020-11-30 00:49:39,2a73220cca
51wg4yiz93vwi51wg10vk0h9wd9y8v9c,0xbC2456E3ed4Ab535b56Ba7dDA71180Ee556Fe346,2020-11-30 00:45:43,2020-11-30 00:45:49,2a73220cca
c32t3ws12gh2lic32t3wbp665swwx76p,0x923fA707e31Fb7fC9be2Bd8683DF88d4D8cCb48C,2020-11-30 00:13:52,2020-11-30 00:14:53,f28ba5ec71
kivrhuwfkzssfxtcfc6hkivrim293ydd,0xc7f917B40D62E37e3d9D8250423020E791B13C52,2020-11-30 00:06:07,2020-11-30 00:06:10,ec1f1d3317
wxoty210c9vyrlohkwxotyhd45mfwt2n,0xc8d580c86bBc3A2dD4E6898Bb4ff428a2C70f2d2,2020-11-30 00:05:33,2020-11-30 00:05:37,ec1f1d3317
6m3w5m2b1w8c5u4yfe8j6m3w5gu0ls3t,0x7112e07D6602c28180A55dD768fB3E36B5931561,2020-11-29 21:29:45,2020-11-29 21:30:05,ede5bed320
bzt6olvev97b6xjt2bzt6olybs54ucat,0x9A25211A8DCf0a389139e2015Ac4A1208F967221,2020-11-29 21:19:37,2020-11-29 21:19:47,4ae6a22f0c
6nbr5sk7z5bbc5ip1e0j6nbr58go2ohj,0x9A25211A8DCf0a389139e2015Ac4A1208F967221,2020-11-29 21:19:06,2020-11-29 21:19:13,4ae6a22f0c
efaxf2tb1dcngycefax79i226laoz7u1,0x5dcf300A52434930e441da7970ed488303caf490,2020-11-29 20:59:50,2020-11-29 21:01:26,ba49fa37c6
eazkmbfibv9q1hr8ssaeazkm4kkkpopl,0x24b87ccE6119BB046AD631E4D23597Dbe18915B8,2020-11-29 20:08:00,2020-11-29 20:08:46,d508c80d3b
3larfn9oza5w5a3lab078egex45rywqj,0x0e3600a5a4ff26449bb410d50088a41430c08469,2020-11-29 19:46:03,2020-11-29 19:46:16,a59cbf9cf0
wuyp6g0uj0w4s8u7cunwuyp6z886rckf,0x5f35c52720a2c9b20b85be6FCdEc0E31c5eF9B88,2020-11-29 19:11:37,2020-11-29 19:13:05,dbc73cea0e
pssz8a6qnkqt94i899upssz8alviiyx2,0x6bE95B8321369C97a920831d9f378fF941A201c8,2020-11-29 19:00:45,2020-11-29 19:02:10,a9136ac8e3
ydnkk1xqrsakfsqn1xydnkk1xt4t1tud,0x017c41a469ca172537afa701ad413967da97674b,2020-11-29 18:51:27,2020-11-29 18:51:30,a5a3ad84f9
axyi957kjemngqqq3yqiaxyi951ryrqv,0x3762bF62fF546460E1D6D1Eae73D5Ce0A2774473,2020-11-29 18:36:23,2020-11-29 18:36:30,d241f6c358
rd24tm7g18zjrd24k6joq78z7lwvn4wk,0x3762bF62fF546460E1D6D1Eae73D5Ce0A2774473,2020-11-29 18:35:30,2020-11-29 18:35:34,d241f6c358
b5lj3s2xhneafb5ljre21gxdre4803pr,0xC70D54f2453803EeF0FFfd06b21469fD22c43Ad9,2020-11-29 18:27:30,2020-11-29 18:27:34,8504042eb1
uxvnxd8cf7olrovg7q6uxvnxwf8gj2o6,0xDDCB9a50D13DAE5F4490bF74CAA58AE3307119aC,2020-11-29 18:16:26,2020-11-29 18:16:38,8504042eb1
fnn43h0jg5cdmtslofnn48sepys0cx81,0x91c3323A922dc6789ceF67ce75E2954FC8b21C4A,2020-11-29 18:10:12,2020-11-29 18:10:52,0776060156
hknl9axtn4wyqnzfde970hknlhypgp5k,0x6CaD3333e8cc4b5a3Ae18ccB3DDe8777923fF101,2020-11-29 18:08:50,2020-11-29 18:09:53,0776060156
z4oax1wl4g7ruq7z4oax1pgvyxth4eac,0x6BD49774936F81b1178f02c8a4d89B931dcFa9Dc,2020-11-29 17:47:06,2020-11-29 17:47:32,7e9b251096
1ez5f4634zfqbbtpbipn1ez5f4q4e94d,0x65c9F20eD19C5675e5Bf4D6e6f1Ae2899723A17a,2020-11-29 17:35:37,2020-11-29 17:35:41,d3c161ed9b
isul6hpa5hrcgt5a47c074isul6hp7ge,0x65c9F20eD19C5675e5Bf4D6e6f1Ae2899723A17a,2020-11-29 17:30:43,2020-11-29 17:30:47,d3c161ed9b
lfc4hwof37im64eyiklfc4hwopmsk4k3,0x71161687463077A32982b25cc34C2f562231012D,2020-11-29 17:23:02,2020-11-29 17:23:10,208ebccddc
o5waiieyi338lpo5waiieh3r2szb8j86,0xd58cd1600e559f26b12d0f7ac1913c015b4c73d8,2020-11-29 17:05:45,2020-11-29 17:09:37,d64f006847
9s822gxrxoiy95taq9s822akey9wrdip,0xd298ee56C81782005321E34a65394Cf5785a4f9A,2020-11-29 17:08:13,2020-11-29 17:09:30,9fdaafefa9
f9xiepnumg0tiev2swkf9xiepkomv34l,0x038a3CBf2E80392BB9B7ad7D3B6de903D86f60e0,2020-11-29 16:31:17,2020-11-29 16:31:31,108bff48b2
i6wr3d7rqvox5j0nkki6wryu7g55ko63,0x038a3CBf2E80392BB9B7ad7D3B6de903D86f60e0,2020-11-29 16:19:36,2020-11-29 16:19:49,108bff48b2
55yglcv05qsivh55yg16dh40797fq16z,0xa6c61ec4e77D9Cef0C3c5138D6a79b238dB28812,2020-11-29 16:19:02,2020-11-29 16:19:05,03fd2c326e
qbsmphmckii4xr7iay9ntgqbsm1933xk,0xbC284317133CED344f7e45fBb2926848d66b4906,2020-11-29 16:18:28,2020-11-29 16:18:40,03fd2c326e
x0xhj9bj5rnotujrqe05mx0xh53leu9x,0x038a3CBf2E80392BB9B7ad7D3B6de903D86f60e0,2020-11-29 16:15:17,2020-11-29 16:15:42,108bff48b2
roptlhoie20jtgw5b42nvk6yroptlhoi,0x8D9192A3f835f85c18721127bb7AB17e7db6Af8B,2020-11-29 16:13:49,2020-11-29 16:13:58,8e2742437f
1v7vf6kym0k1rv71v7jucgoel9g3k7zo,0x8D9192A3f835f85c18721127bb7AB17e7db6Af8B,2020-11-29 16:12:54,2020-11-29 16:13:00,8e2742437f
9041rydeggchsas3upp9041ri133ee5a,0x07eA333F47fb24ab5984a7Ef958A2FC1b0ce79E7,2020-11-29 16:09:54,2020-11-29 16:10:02,5a602198b8
r4p18j2l46zdqlw2h4fr4p18jesq0ecz,0xCD632BB373E0FEA4acD225a5432dd47E56949701,2020-11-29 14:53:10,2020-11-29 14:53:20,84c20207b1
ezh7dk3oj6jnp3hfsoxezh7dkfk6ugmy,0xCD632BB373E0FEA4acD225a5432dd47E56949701,2020-11-29 14:52:03,2020-11-29 14:52:16,84c20207b1
awzc6qf41x410384plqawzcrkl4mcwgg,0x34e66226c4486B7EC2C0Ebe0e215bd01A5121F88,2020-11-29 14:49:41,2020-11-29 14:49:48,b615946a59
qft5479hraon0c8fqft5w6dt543ejbmv,0xb9EDB9B16c61391BA943f7d99aE63c8Bc8977B13,2020-11-29 14:32:58,2020-11-29 14:33:02,cfc3a24c25
34tbcn2m52ftirl7dq8s2h34tbczy915,0x6001c39174ed826b5d28e4791c4aa96a945258da,2020-11-29 14:16:23,2020-11-29 14:16:30,2fca2c3ac7
y4df32oo0lor06gn4iy4df3aon2be2il,0x6001c39174ed826b5d28e4791c4aa96a945258da,2020-11-29 14:15:55,2020-11-29 14:15:58,2fca2c3ac7
6stnkgn948lw6ljr6stnkgjgouf6cghn,0x6001c39174ed826b5d28e4791c4aa96a945258da,2020-11-29 14:15:25,2020-11-29 14:15:29,2fca2c3ac7
o8jwlsa3jj1pkjxkv1o8jv6rpe169fm3,0x6001c39174ed826b5d28e4791c4aa96a945258da,2020-11-29 14:15:14,2020-11-29 14:15:18,2fca2c3ac7
lt7j4otxc8uw5wdrn5wgltt5tlejt1zp,0x59267aeFae50c6d29365A22C758655289FB79514,2020-11-29 13:53:32,2020-11-29 13:53:50,8a14ca0a05
v9dhn7354ogtgfa12ci51v9dhn73u2bb,0xfd551Ac45bFB6d96ab18E3D5c173E708F9d29D4c,2020-11-29 13:45:50,2020-11-29 13:46:12,9dce3bb213
7oangzf2j8yki8furtt7dnlac56c6jim,0xA86AFa66eda2BEFdB3E7876fBdE781B8f8cD1Df8,2020-11-29 12:32:51,2020-11-29 12:32:55,a9b877468b
6z1rdh9x8onn4vcpwz6z1rdh9kv6l14a,0xA86AFa66eda2BEFdB3E7876fBdE781B8f8cD1Df8,2020-11-29 12:30:35,2020-11-29 12:30:40,a9b877468b
f6blwcmnwtxizf6blvd9s5k72xjhvd83,0x3CeC0F67d027783ED47ac2Edb122e9A0653e62F7,2020-11-29 11:48:45,2020-11-29 11:48:54,5da7c69893
pzykrcredqqk5a5kc0sa7z0pzykrcren,0xB08f2DB3e3448597f3eE58B73B3f2eB8718A6Ca2,2020-11-29 11:47:30,2020-11-29 11:47:34,68f202faeb
1ywe4cpnd4i0e81c1ywb3mnisl71c2zt,0xB08f2DB3e3448597f3eE58B73B3f2eB8718A6Ca2,2020-11-29 11:45:19,2020-11-29 11:45:22,68f202faeb
c7ayv7ycvq2rhlp5ats9c7ayv7yp9f5w,0xB08f2DB3e3448597f3eE58B73B3f2eB8718A6Ca2,2020-11-29 11:44:49,2020-11-29 11:44:54,68f202faeb
zknv8zm9t2oxwvj5zknvpgec9rkrf78r,0xB08f2DB3e3448597f3eE58B73B3f2eB8718A6Ca2,2020-11-29 11:44:23,2020-11-29 11:44:32,68f202faeb
4f9mduytjbdb624fy74cqfyw4yrp81uo,0xde7a453f42a204dfa784ddc16eb4d0b78f2084c5,2020-11-29 11:34:24,2020-11-29 11:34:34,162a653bbe
kdeoy2pildkd829a5kdeoyv1h6lxpgog,0x90b64aC62F75718F73E070137e049565E023aa6e,2020-11-29 11:27:36,2020-11-29 11:27:43,08662d8da4
zajyznc3wlhap6zajk1qo8shjnov32zq,0x5f20d84dbFCe7D9Bd5b43Dd22e650e1Ef017c011,2020-11-29 11:04:00,2020-11-29 11:04:03,e714150b3a
3bodnxomubdoob1hhr3bodn8xggkj8z1,0x12a60dce40cc7Cd19ACE49569E3ED061Bf80D8D5,2020-11-29 10:57:29,2020-11-29 10:57:57,47fa16f85f
nm5yc0mibobieucrpuonm5ywq8171l0y,0xb9EDB9B16c61391BA943f7d99aE63c8Bc8977B13,2020-11-29 10:56:31,2020-11-29 10:56:37,e55ac924a3
4tctehagializmdktpyc8qz4tctehejr,0x246CD0b691200Cbc074fEEA876ad9fAf9EE558a2,2020-11-29 10:56:10,2020-11-29 10:56:14,786b5188a9
48o1sj6d26gnd0blu48o1sjp2c16fe0e,0x12a60dce40cc7Cd19ACE49569E3ED061Bf80D8D5,2020-11-29 10:47:55,2020-11-29 10:48:03,47fa16f85f
i9h14t46liomspbsayrp1i9h14tq7lac,0xaD265AFcc107C414cb55373F20bE09D250580656,2020-11-29 10:39:55,2020-11-29 10:40:00,94c8806526
q3pcbphca53y798nzrzzs3yq3pcbpoef,0x12a60dce40cc7Cd19ACE49569E3ED061Bf80D8D5,2020-11-29 10:36:40,2020-11-29 10:37:32,47fa16f85f
k7e2islh30cpqqq8ck7ejj3r9ifsbkj5,0x026F549694cCBDAC252436b611B75C463EA497eC,2020-11-29 10:26:05,2020-11-29 10:26:23,b37930aedc
jxai9qvkcxuc4dcif1mjxai9q3ci4uic,0xfb1ce46075409Bd826F021dB3BF071d3e1DD3840,2020-11-29 09:58:50,2020-11-29 09:58:58,9de1e724c8
bp3sru5qh1c7bzu8kq6bp3sru5z4a5hh,0xfb1ce46075409Bd826F021dB3BF071d3e1DD3840,2020-11-29 09:55:37,2020-11-29 09:55:42,9de1e724c8
xabo7zprqqbrx0o49xabo7ph6jda11yq,0x3b40917f9DF83d8EdEe46Fad58e3c43173409E5C,2020-11-29 09:53:13,2020-11-29 09:53:16,c188d37a99
47rkcxbvx5mu8hr47d9vuut78tvrkxpn,0x3421ed762CC81872485d50a10E8fA597c93Eacc6,2020-11-29 09:52:00,2020-11-29 09:52:30,caef689430
eq4on6atl6malkhj28eq4on6azn4t98w,0x53f190d9c1D8Adb60eB6d424724672d9D67d396d,2020-11-29 09:50:15,2020-11-29 09:50:20,c188d37a99
sk9ninuiw3mz7awvsk9rw5mfeppqqkvt,0x53f190d9c1D8Adb60eB6d424724672d9D67d396d,2020-11-29 09:48:54,2020-11-29 09:49:58,c188d37a99
e8jgjsv18whoye80o9808dvhqwpu90ik,0x6870a0911fB1F645D5c93e1b29f57e12241011Ec,2020-11-29 09:49:49,2020-11-29 09:49:54,d79becaf86
srwa65c50w8st34wsrwajw0hiu6kna1s,0xA81711610f9fa688F6feAed843F4F79d8a02E84F,2020-11-29 09:47:14,2020-11-29 09:48:12,f0d1ca2c43
j4pmdjpp9woxf5aqj4pmdj4zi3uyflub,0x5D48B8b71E34e7f89438C71841C9CfaCe8C8eBCD,2020-11-29 09:35:46,2020-11-29 09:35:58,ab5aa3d86b
hh3hqx9sldwinvw43hh3hqx9v4ak1mbx,0xb7d0596e636dBEc773075372868b14d5a224C0Fd,2020-11-29 09:26:26,2020-11-29 09:26:34,3bf20cac53
t5kiq4z1xgjll89r2t5kiq43zs1k3en6,0x1B12e9914c306CceCC099F303fE8b7EFb37ef92B,2020-11-29 09:08:41,2020-11-29 09:08:47,c034613c1a
z1d5fn3bhrrhmc8bu0z1d5ozx5i31bke,0x5d652586eEF078fF80CD70292e602cA6E2A71Ab8,2020-11-29 09:06:57,2020-11-29 09:07:00,b028470a0f
8hax4fg14akatsj9t5o8hax46jwcq9ku,0x5d652586eEF078fF80CD70292e602cA6E2A71Ab8,2020-11-29 09:06:45,2020-11-29 09:06:50,b028470a0f
wxy0e5j8706gy55rwxy003yhf54wbgmi,0x5d652586eEF078fF80CD70292e602cA6E2A71Ab8,2020-11-29 09:05:31,2020-11-29 09:06:07,b028470a0f
ztvvqcyputykuclo0ztvvw0lkahy29w0,0x9d3cD1EBF7de2C9CF20bDEB3b505226B97B3ec65,2020-11-29 08:49:11,2020-11-29 08:49:26,29e529b1aa
bazrtgc5m7mkhtvon3bazrtg1sfx0nko,0x084f1B825b95de6136FdBAa2b4baeD3c96BcA196,2020-11-29 08:30:43,2020-11-29 08:30:56,3f1ecf365c
jdsndm0i5tm2w8gj2jdsn5lmgxwai092,0xD7484212164500da944387a7a3343c17CD761211,2020-11-29 08:28:35,2020-11-29 08:29:07,896dc6475b
3fapjta1o8uxfdg3fapviszz206dk8m9,0x555e0e1dabd9bdb568a1d1357dedcefc21c3e25f,2020-11-29 08:28:40,2020-11-29 08:28:59,3f1ecf365c
oon924ka358s9327oon9244j9f3mafph,0xBa95274eFdB07a3D851dbC3b01eDc4FA24bcCB4f,2020-11-29 08:14:41,2020-11-29 08:14:50,2e31c5ac42
ss5c4w7p54vdqcv6b6ss5uqqzjey7pvy,0x17BbF57dBd5CA1f1c01BA6a8fA6A511c38ECA87a,2020-11-29 08:06:22,2020-11-29 08:06:31,8f68e67ee6
k4e7irpewmk5sqk4e7iuyccivsicy6yu,0x72e5263ff33d2494692d7f94a758aa9f82062f73,2020-11-29 08:05:30,2020-11-29 08:05:35,cb4427ab22
cojglz9io2nj79oucoj19112cste8w1e,0xb9EDB9B16c61391BA943f7d99aE63c8Bc8977B13,2020-11-29 08:03:08,2020-11-29 08:03:15,e55ac924a3
e4neu8ud3mzpaho3zie4neu89nr7goo0,0xb9EDB9B16c61391BA943f7d99aE63c8Bc8977B13,2020-11-29 08:02:19,2020-11-29 08:02:27,e55ac924a3
o8g5igu5i0djytjo8ge49rcsonutbf18,0xbC80dbFC07D18208690F49dEdb759d451b369c60,2020-11-29 08:01:20,2020-11-29 08:01:24,4a5e7911e3
osmtxtz67pivo73tbosmtxqbauk5ntit,0x196a37946C3D93e9A5309f539ae28b774a32411F,2020-11-29 07:58:29,2020-11-29 07:58:33,0d3ce574a7
7agg42kll66zmbcg7agg4203ecae3qjt,0x196a37946C3D93e9A5309f539ae28b774a32411F,2020-11-29 07:58:19,2020-11-29 07:58:23,0d3ce574a7
e16dtilw9m1q4akurte16dty58z56y2a,0x79c5a1ae586322a07bfb60be36e1b31ce8c84a1e,2020-11-29 07:56:02,2020-11-29 07:58:00,0d3ce574a7
wqq51umqd7xtpw2jq55u8vwqq512b95z,0xa0BCE6e4bFfE868D45DEa4EE04CC4cBcA694e437,2020-11-29 07:41:04,2020-11-29 07:41:09,910f0ae61e
9nknff16epwbv9qcict9nknff1pf4wx4,0xc8d580c86bbc3a2dd4e6898bb4ff428a2c70f2h8,2020-11-29 07:38:46,2020-11-29 07:39:34,8ff72e75f2
43806qs2ol94ykoqv43806qw6qpt7jk1,0xb6a34Bd460f02241e80e031023ec20ce6FC310AE,2020-11-29 07:34:21,2020-11-29 07:34:24,03fa82b3ea
hsu6u8mynte9i1i1r38hsu6umm4fcdt2,0xb88E6ba91212Ac639ee0E734cAc532aDe4fE8dbF,2020-11-29 07:31:57,2020-11-29 07:32:00,01ca9f9998
7c82sw0bwv9bdorvi5th7c82ic1l69ia,0xb88E6ba91212Ac639ee0E734cAc532aDe4fE8dbF,2020-11-29 07:31:03,2020-11-29 07:31:44,01ca9f9998
5cl0ge0bd0he65r25cl0gx35aiecux35,0x5DF201A479d19e43cBDbFF57EbDFA15243C4e8ec,2020-11-29 07:23:55,2020-11-29 07:24:00,66c631a859
yqk9n992aoi7fnojdyd9p8rq4rdrd9p8,0xdaA0307DB3a40e1a477387BF26b7ebEfd2Bc9129,2020-11-29 07:23:09,2020-11-29 07:23:43,db41f8e032
dv2l2uhg0ttj3mbuvdv2l2upc6mm3s5l,0x74be5F2fD0272c47839ced39ADCAA4f181F1233f,2020-11-29 07:17:35,2020-11-29 07:18:10,14e773d362
4k82ab26x7u5cou4k9yb1bbs1c3gax63,0x922AB52329ddc56f0D9c2Fe8975018b38fE420f6,2020-11-29 07:15:53,2020-11-29 07:15:57,0c0af3af5b
qx50ogb3yzqpwfs8r42vqx50ogbuallv,0xa0BCE6e4bFfE868D45DEa4EE04CC4cBcA694e437,2020-11-29 07:15:31,2020-11-29 07:15:36,463754aa91
snaxw14afqtul7ftkysnaxw14s13lafl,0xa0BCE6e4bFfE868D45DEa4EE04CC4cBcA694e437,2020-11-29 07:09:21,2020-11-29 07:09:25,463754aa91
j47tn73uvuhpm2exru8ciyj47tn73y42,0x026F549694cCBDAC252436b611B75C463EA497eC,2020-11-29 07:08:05,2020-11-29 07:08:10,b37930aedc
zmh1ajcryrv3pnxmnt7xonwwuzmh1ama,0x026F549694cCBDAC252436b611B75C463EA497eC,2020-11-29 07:07:42,2020-11-29 07:07:47,b37930aedc
9dxk9kzp9kl03qfz9dxk9g1kvvaw6m6c,0x026F549694cCBDAC252436b611B75C463EA497eC,2020-11-29 07:06:28,2020-11-29 07:07:06,b37930aedc
